doc_id,url,section,last_modified
1,https://students.wlu.ca/home.html,home,    2026-07-20
2,https://students.wlu.ca/academics/index.html,academics,    2026-06-30
3,https://students.wlu.ca/academics/research/animals.html,academics,    2026-06-26
4,https://students.wlu.ca/academics/research/human-research/post-approval-requirements.html,academics,    2026-05-08
5,https://students.wlu.ca/academics/research/human-research/researcher-resources.html,academics,    2026-01-21
6,https://students.wlu.ca/academics/research/human-research/romeo-research-portal.html,academics,    2026-05-08
7,https://students.wlu.ca/academics/research/human-research/research-ethics-board-review.html,academics,    2025-01-17
8,https://students.wlu.ca/academics/research/human-research/index.html,academics,    2025-05-08
9,https://students.wlu.ca/academics/research/human-research/assets/resources/departmental-ethics-review.html,academics,    2026-01-26
10,https://students.wlu.ca/academics/research/human-research/assets/resources/new-multi-jurisdictional-research-application-and-guidance.html,academics,    2024-12-03
11,https://students.wlu.ca/academics/research/human-research/assets/resources/romeo-research-ethics-application-update.html,academics,    2025-10-24
12,https://students.wlu.ca/academics/research/human-research/assets/resources/top-tips-for-an-efficient-review.html,academics,    2025-01-24
13,https://students.wlu.ca/academics/research/human-research/assets/resources/reb/exemptions.html,academics,    2025-01-16
14,https://students.wlu.ca/academics/research/human-research/assets/resources/reb/materials-to-submit.html,academics,    2025-01-24
15,https://students.wlu.ca/academics/research/human-research/assets/resources/reb/application.html,academics,    2026-05-20
16,https://students.wlu.ca/academics/research/human-research/assets/resources/reb/definitions-and-tcps2-statement.html,academics,    2025-01-17
17,https://students.wlu.ca/academics/research/human-research/assets/resources/guidelines/general-ethics.html,academics,    2025-10-24
18,https://students.wlu.ca/academics/research/human-research/assets/resources/guidelines/informed-consent.html,academics,    2026-02-10
19,https://students.wlu.ca/academics/research/get-involved/undergraduate-student-research-award.html,academics,    2026-02-27
20,https://students.wlu.ca/academics/research/get-involved/index.html,academics,    2025-02-06
21,https://students.wlu.ca/academics/research/index.html,academics,    2026-06-30
22,https://students.wlu.ca/academics/virtual-asynchronous-learning/guidelines.html,academics,    2025-08-13
23,https://students.wlu.ca/academics/virtual-asynchronous-learning/index.html,academics,    2026-06-30
24,https://students.wlu.ca/academics/virtual-asynchronous-learning/assets/resources/exams.html,academics,    2023-03-23
25,https://students.wlu.ca/academics/library/librarians.html,academics,    2026-07-02
26,https://students.wlu.ca/academics/library/locations.html,academics,    2024-07-03
27,https://students.wlu.ca/academics/library/library-makerspace/workshops.html,academics,    2023-01-03
28,https://students.wlu.ca/academics/library/library-makerspace/index.html,academics,    2025-09-11
29,https://students.wlu.ca/academics/library/community-and-culture.html,academics,    2026-06-25
30,https://students.wlu.ca/academics/library/academic-support.html,academics,    2024-12-06
31,https://students.wlu.ca/academics/library/index.html,academics,    2026-06-30
32,https://students.wlu.ca/academics/global-engagement-and-exchanges/assets/resources/qescholars-2025.html,academics,    2025-10-15
33,https://students.wlu.ca/academics/global-engagement-and-exchanges/assets/resources/outgoing-exchange-student-alumni.html,academics,    2023-12-20
34,https://students.wlu.ca/academics/global-engagement-and-exchanges/assets/resources/laurier-international-cultural-conversations-4.0.html,academics,    2023-12-01
35,https://students.wlu.ca/academics/global-engagement-and-exchanges/assets/resources/global-skills-opportunities-student-testimonials.html,academics,    2026-04-23
36,https://students.wlu.ca/academics/global-engagement-and-exchanges/assets/resources/incoming-exchange-student-testimonials.html,academics,    2026-04-24
37,https://students.wlu.ca/academics/global-engagement-and-exchanges/assets/resources/student-exchange-program-information-sessions.html,academics,    2026-05-19
38,https://students.wlu.ca/academics/global-engagement-and-exchanges/assets/resources/orientation-for-incoming-exchange.html,academics,    2025-12-17
39,https://students.wlu.ca/academics/global-engagement-and-exchanges/assets/resources/laurier-international-cultural-conversations-moves-to-the-classroom.html,academics,    2022-12-05
40,https://students.wlu.ca/academics/global-engagement-and-exchanges/assets/resources/laurier-international-cultural-conversations-continued-virtual-multicultural-community-building.html,academics,    2021-12-08
41,https://students.wlu.ca/academics/global-engagement-and-exchanges/assets/resources/learn-more-about-international-opportunities-at-laurier.html,academics,    2023-08-28
42,https://students.wlu.ca/academics/global-engagement-and-exchanges/assets/resources/nomination-and-host-application-process.html,academics,    2021-09-17
43,https://students.wlu.ca/academics/global-engagement-and-exchanges/assets/resources/complete-your-application.html,academics,    2021-12-22
44,https://students.wlu.ca/academics/global-engagement-and-exchanges/assets/resources/required-documents-and-information.html,academics,    2026-01-08
45,https://students.wlu.ca/academics/global-engagement-and-exchanges/assets/resources/course-selection.html,academics,    2021-09-24
46,https://students.wlu.ca/academics/global-engagement-and-exchanges/assets/resources/laurier-international-cultural-conversations-building-a-virtual-multicultural-student-community-during-the-covid-19-pandemic.html,academics,    2021-09-09
47,https://students.wlu.ca/academics/global-engagement-and-exchanges/assets/resources/connect-virtually-with-a-global-engagement-student-ambassador.html,academics,    2022-07-26
48,https://students.wlu.ca/academics/global-engagement-and-exchanges/assets/resources/maximize-your-exchange-experience-with-two-new-online-courses-just-for-exchange-students.html,academics,    2019-06-20
49,https://students.wlu.ca/academics/global-engagement-and-exchanges/assets/resources/understanding-international-course-credits-and-the-credit-transfer-process.html,academics,    2025-10-30
50,https://students.wlu.ca/academics/global-engagement-and-exchanges/assets/resources/pre-departure-checklist.html,academics,    2026-07-23
51,https://students.wlu.ca/academics/global-engagement-and-exchanges/assets/resources/receiving-and-accepting-your-exchange-offer.html,academics,    2025-12-12
52,https://students.wlu.ca/academics/global-engagement-and-exchanges/assets/resources/submit-photos-of-your-exchange-experience.html,academics,    2025-04-03
53,https://students.wlu.ca/academics/global-engagement-and-exchanges/assets/resources/course-registration.html,academics,    2025-09-16
54,https://students.wlu.ca/academics/global-engagement-and-exchanges/assets/resources/academics-and-transcripts.html,academics,    2025-12-16
55,https://students.wlu.ca/academics/global-engagement-and-exchanges/assets/resources/student-services-for-exchange-students.html,academics,    2025-04-03
56,https://students.wlu.ca/academics/global-engagement-and-exchanges/assets/resources/preparing-for-exchanges.html,academics,    2018-10-11
57,https://students.wlu.ca/academics/global-engagement-and-exchanges/assets/resources/eligibility-for-exchanges.html,academics,    2026-01-08
58,https://students.wlu.ca/academics/global-engagement-and-exchanges/assets/resources/how-to-apply-for-exchanges.html,academics,    2022-10-20
59,https://students.wlu.ca/academics/global-engagement-and-exchanges/staff-listing.html,academics,    2026-07-29
60,https://students.wlu.ca/academics/global-engagement-and-exchanges/index.html,academics,    2026-06-30
61,https://students.wlu.ca/academics/global-engagement-and-exchanges/financial-assistance.html,academics,    2025-04-04
62,https://students.wlu.ca/academics/global-engagement-and-exchanges/international-at-home/language-sharing-programs.html,academics,    2025-12-05
63,https://students.wlu.ca/academics/global-engagement-and-exchanges/international-at-home/student-leadership.html,academics,    2024-11-12
64,https://students.wlu.ca/academics/global-engagement-and-exchanges/international-at-home/intercultural-certificate.html,academics,    2026-06-29
65,https://students.wlu.ca/academics/global-engagement-and-exchanges/international-at-home/index.html,academics,    2026-06-29
66,https://students.wlu.ca/academics/global-engagement-and-exchanges/incoming-exchange-students.html,academics,    2025-12-12
67,https://students.wlu.ca/academics/global-engagement-and-exchanges/opportunities-abroad/volunteering.html,academics,    2026-06-29
68,https://students.wlu.ca/academics/global-engagement-and-exchanges/opportunities-abroad/internships.html,academics,    2026-06-29
69,https://students.wlu.ca/academics/global-engagement-and-exchanges/opportunities-abroad/faculty-led-programs-abroad.html,academics,    2026-05-15
70,https://students.wlu.ca/academics/global-engagement-and-exchanges/opportunities-abroad/partner-universities.html,academics,    2026-06-25
71,https://students.wlu.ca/academics/global-engagement-and-exchanges/opportunities-abroad/summer-exchanges.html,academics,    2026-03-12
72,https://students.wlu.ca/academics/global-engagement-and-exchanges/opportunities-abroad/exchanges.html,academics,    2026-06-29
73,https://students.wlu.ca/academics/global-engagement-and-exchanges/opportunities-abroad/index.html,academics,    2023-10-19
74,https://students.wlu.ca/academics/graduate-and-postdoctoral-studies/graduate-teaching-assistants/documentation.html,academics,    2023-09-21
75,https://students.wlu.ca/academics/graduate-and-postdoctoral-studies/graduate-teaching-assistants/training.html,academics,    2026-01-29
76,https://students.wlu.ca/academics/graduate-and-postdoctoral-studies/graduate-teaching-assistants/job-opportunities.html,academics,    2026-02-24
77,https://students.wlu.ca/academics/graduate-and-postdoctoral-studies/graduate-teaching-assistants/index.html,academics,    2024-05-01
78,https://students.wlu.ca/academics/graduate-and-postdoctoral-studies/academic-appeals/index.html,academics,    2026-07-14
79,https://students.wlu.ca/academics/graduate-and-postdoctoral-studies/academic-appeals/appeal-process.html,academics,    2025-11-27
80,https://students.wlu.ca/academics/graduate-and-postdoctoral-studies/academic-appeals/appeal-form.html,academics,    2026-06-29
81,https://students.wlu.ca/academics/graduate-and-postdoctoral-studies/academic-appeals/types-of-appeal.html,academics,    2024-12-05
82,https://students.wlu.ca/academics/graduate-and-postdoctoral-studies/managing-your-program/convocation-graduate-students.html,academics,    2026-05-26
83,https://students.wlu.ca/academics/graduate-and-postdoctoral-studies/managing-your-program/letter-requests.html,academics,    2026-03-18
84,https://students.wlu.ca/academics/graduate-and-postdoctoral-studies/managing-your-program/tuition-payment-plan-program.html,academics,    2026-03-31
85,https://students.wlu.ca/academics/graduate-and-postdoctoral-studies/managing-your-program/course-registration.html,academics,    2026-06-01
86,https://students.wlu.ca/academics/graduate-and-postdoctoral-studies/managing-your-program/index.html,academics,    2025-06-19
87,https://students.wlu.ca/academics/graduate-and-postdoctoral-studies/index.html,academics,    2026-06-30
88,https://students.wlu.ca/academics/graduate-and-postdoctoral-studies/assets/resources/masters-progress-and-activity-reports.html,academics,    2026-02-25
89,https://students.wlu.ca/academics/graduate-and-postdoctoral-studies/assets/resources/graduate-advising.html,academics,    2026-02-25
90,https://students.wlu.ca/academics/graduate-and-postdoctoral-studies/assets/resources/phd-progress-and-activity-reports.html,academics,    2025-11-13
91,https://students.wlu.ca/academics/graduate-and-postdoctoral-studies/assets/resources/anticipated-gta-opportunities.html,academics,    2023-12-07
92,https://students.wlu.ca/academics/graduate-and-postdoctoral-studies/assets/resources/3mt.html,academics,    2024-07-18
93,https://students.wlu.ca/academics/graduate-and-postdoctoral-studies/assets/resources/psac-negotiations-faqs.html,academics,    2022-03-03
94,https://students.wlu.ca/academics/graduate-and-postdoctoral-studies/assets/resources/course-grade-appeals.html,academics,    2021-05-26
95,https://students.wlu.ca/academics/graduate-and-postdoctoral-studies/assets/resources/changing-historical-academic-records.html,academics,    2021-05-26
96,https://students.wlu.ca/academics/graduate-and-postdoctoral-studies/assets/resources/progress-issues.html,academics,    2025-04-08
97,https://students.wlu.ca/academics/graduate-and-postdoctoral-studies/assets/resources/forms-inventory.html,academics,    2026-02-19
98,https://students.wlu.ca/academics/graduate-and-postdoctoral-studies/assets/resources/leaves-and-withdraw-from-program.html,academics,    2025-02-25
99,https://students.wlu.ca/academics/graduate-and-postdoctoral-studies/assets/resources/paying-for-grad-school.html,academics,    2021-12-22
100,https://students.wlu.ca/academics/graduate-and-postdoctoral-studies/aspire/index.html,academics,    2025-09-16
101,https://students.wlu.ca/academics/graduate-and-postdoctoral-studies/aspire/student-teaching-development.html,academics,    2026-02-05
102,https://students.wlu.ca/academics/graduate-and-postdoctoral-studies/aspire/skills-training.html,academics,    2026-05-28
103,https://students.wlu.ca/academics/graduate-and-postdoctoral-studies/aspire/incoming-student-support.html,academics,    2026-07-23
104,https://students.wlu.ca/academics/graduate-and-postdoctoral-studies/aspire/assets/resources/aspire-professional-development-certificate.html,academics,    2025-08-22
105,https://students.wlu.ca/academics/graduate-and-postdoctoral-studies/aspire/assets/resources/opportunities-challenges-of-generative-ai-tools-in-academia-resource-for-students-in-teaching-roles.html,academics,    2025-09-05
106,https://students.wlu.ca/academics/records-and-registration/student-records/certificates.html,academics,    2026-06-26
107,https://students.wlu.ca/academics/records-and-registration/student-records/index.html,academics,    2026-05-11
108,https://students.wlu.ca/academics/records-and-registration/course-registration-guide/index.html,academics,    2026-05-29
109,https://students.wlu.ca/academics/records-and-registration/course-registration-guide/assets/resources/transfer-credits-for-incoming-transfer-students.html,academics,    2025-06-27
110,https://students.wlu.ca/academics/records-and-registration/course-registration-guide/assets/resources/course-registration-for-returning-students.html,academics,    2022-06-20
111,https://students.wlu.ca/academics/records-and-registration/course-registration-guide/assets/resources/confirm-your-registration-date-and-time-ticket.html,academics,    2026-06-01
112,https://students.wlu.ca/academics/records-and-registration/course-registration-guide/assets/resources/program-requirements/online-certificates-first-year-program-requirements.html,academics,    2026-05-28
113,https://students.wlu.ca/academics/records-and-registration/course-registration-guide/assets/resources/program-requirements/science-virtual-first-year-program-requirements.html,academics,    2026-05-28
114,https://students.wlu.ca/academics/records-and-registration/course-registration-guide/assets/resources/program-requirements/option-minors-milton-first-year-program-requirements.html,academics,    2026-05-12
115,https://students.wlu.ca/academics/records-and-registration/course-registration-guide/assets/resources/program-requirements/milton-science-first-year-program-requirements.html,academics,    2026-06-09
116,https://students.wlu.ca/academics/records-and-registration/course-registration-guide/assets/resources/program-requirements/core-sciences-first-year-registration.html,academics,    2026-06-29
117,https://students.wlu.ca/academics/records-and-registration/course-registration-guide/assets/resources/program-requirements/option-minors-brantford-first-year-program-requirements.html,academics,    2026-06-29
118,https://students.wlu.ca/academics/records-and-registration/course-registration-guide/assets/resources/program-requirements/fhss-online-first-year-program-requirements.html,academics,    2026-05-11
119,https://students.wlu.ca/academics/records-and-registration/course-registration-guide/assets/resources/program-requirements/milton-lazaridis-school-first-year-program-requirements.html,academics,    2026-06-02
120,https://students.wlu.ca/academics/records-and-registration/course-registration-guide/assets/resources/program-requirements/social-work-first-year-program-requirements.html,academics,    2026-05-19
121,https://students.wlu.ca/academics/records-and-registration/course-registration-guide/assets/resources/program-requirements/liberal-arts-first-year-program-requirements.html,academics,    2026-06-29
122,https://students.wlu.ca/academics/records-and-registration/course-registration-guide/assets/resources/program-requirements/fhss-first-year-program-requirements.html,academics,    2026-06-16
123,https://students.wlu.ca/academics/records-and-registration/course-registration-guide/assets/resources/program-requirements/luther-first-year-program-requirements.html,academics,    2025-05-30
124,https://students.wlu.ca/academics/records-and-registration/course-registration-guide/assets/resources/program-requirements/music-first-year-program-requirements.html,academics,    2026-05-11
125,https://students.wlu.ca/academics/records-and-registration/course-registration-guide/assets/resources/program-requirements/science-first-year-program-requirements.html,academics,    2026-06-25
126,https://students.wlu.ca/academics/records-and-registration/course-registration-guide/assets/resources/program-requirements/lazaridis-school-first-year-program-requirements.html,academics,    2026-06-12
127,https://students.wlu.ca/academics/records-and-registration/course-registration-guide/assets/resources/program-requirements/arts-first-year-program-requirements.html,academics,    2026-06-30
128,https://students.wlu.ca/academics/records-and-registration/course-registration-guide/step-4-register-for-courses/index.html,academics,    2026-06-26
129,https://students.wlu.ca/academics/records-and-registration/course-registration-guide/step-3-build-your-timetable/index.html,academics,    2026-06-26
130,https://students.wlu.ca/academics/records-and-registration/course-registration-guide/step-2-choose-electives/index.html,academics,    2026-06-26
131,https://students.wlu.ca/academics/records-and-registration/course-registration-guide/step-1-program-requirements/index.html,academics,    2026-05-29
132,https://students.wlu.ca/academics/records-and-registration/changing-programs.html,academics,    2026-05-20
133,https://students.wlu.ca/academics/records-and-registration/service-laurier.html,academics,    2026-07-17
134,https://students.wlu.ca/academics/records-and-registration/index.html,academics,    2026-06-30
135,https://students.wlu.ca/academics/records-and-registration/assets/resources/spring-course-registration.html,academics,    2026-02-18
136,https://students.wlu.ca/academics/records-and-registration/assets/resources/loris.html,academics,    2026-07-29
137,https://students.wlu.ca/academics/records-and-registration/assets/resources/the-answers-you-need-over-the-holidays.html,academics,    2025-12-22
138,https://students.wlu.ca/academics/records-and-registration/assets/resources/values-and-commitment.html,academics,    2022-05-03
139,https://students.wlu.ca/academics/records-and-registration/assets/resources/credit-option-information.html,academics,    2023-02-13
140,https://students.wlu.ca/academics/records-and-registration/assets/resources/service-laurier-live-chat.html,academics,    2024-07-18
141,https://students.wlu.ca/academics/records-and-registration/assets/resources/get-to-know-service-laurier.html,academics,    2022-09-12
142,https://students.wlu.ca/academics/records-and-registration/assets/resources/courses-offered-for-summer-2019.html,academics,    2019-06-12
143,https://students.wlu.ca/academics/records-and-registration/academic-standing-and-registration/withdrawing-and-readmission.html,academics,    2026-07-27
144,https://students.wlu.ca/academics/records-and-registration/academic-standing-and-registration/alternative-registration-procedures/visiting-students.html,academics,    2026-03-20
145,https://students.wlu.ca/academics/records-and-registration/academic-standing-and-registration/alternative-registration-procedures/taking-courses-at-another-university.html,academics,    2026-07-14
146,https://students.wlu.ca/academics/records-and-registration/academic-standing-and-registration/alternative-registration-procedures/cross-registration.html,academics,    2025-02-27
147,https://students.wlu.ca/academics/records-and-registration/academic-standing-and-registration/alternative-registration-procedures/auditing.html,academics,    2025-11-07
148,https://students.wlu.ca/academics/records-and-registration/academic-standing-and-registration/alternative-registration-procedures/index.html,academics,    2024-12-18
149,https://students.wlu.ca/academics/records-and-registration/academic-standing-and-registration/index.html,academics,    2026-03-24
150,https://students.wlu.ca/academics/convocation/guests.html,academics,    2026-07-08
151,https://students.wlu.ca/academics/convocation/prepare-for-convocation.html,academics,    2026-07-29
152,https://students.wlu.ca/academics/convocation/ceremonies/index.html,academics,    2026-07-28
153,https://students.wlu.ca/academics/convocation/apply-to-graduate.html,academics,    2026-07-08
154,https://students.wlu.ca/academics/convocation/index.html,academics,    2026-06-30
155,https://students.wlu.ca/academics/convocation/assets/resources/2025/oct-21-2-pm-brantford.html,academics,    2025-10-14
156,https://students.wlu.ca/academics/convocation/assets/resources/2025/oct-17-4-30-pm-waterloo.html,academics,    2025-10-14
157,https://students.wlu.ca/academics/convocation/assets/resources/2025/oct-17-1-30-pm-waterloo.html,academics,    2026-04-08
158,https://students.wlu.ca/academics/convocation/assets/resources/2025/oct-17-9-30-am-waterloo.html,academics,    2025-10-14
159,https://students.wlu.ca/academics/convocation/assets/resources/2025/oct-16-4-30-pm-waterloo.html,academics,    2025-10-14
160,https://students.wlu.ca/academics/convocation/assets/resources/2025/oct-16-1-30-pm-waterloo.html,academics,    2025-10-14
161,https://students.wlu.ca/academics/convocation/assets/resources/2025/oct-16-9-30-am-waterloo.html,academics,    2025-10-17
162,https://students.wlu.ca/academics/convocation/assets/resources/2025/june-11-4-pm-waterloo.html,academics,    2025-06-16
163,https://students.wlu.ca/academics/convocation/assets/resources/2025/june-13-1-pm-waterloo.html,academics,    2025-06-17
164,https://students.wlu.ca/academics/convocation/assets/resources/2025/june-12-4-pm-waterloo.html,academics,    2025-06-06
165,https://students.wlu.ca/academics/convocation/assets/resources/2025/june-12-1-pm-waterloo.html,academics,    2025-06-04
166,https://students.wlu.ca/academics/convocation/assets/resources/2025/june-10-4-pm-waterloo.html,academics,    2025-06-06
167,https://students.wlu.ca/academics/convocation/assets/resources/2025/june-10-1-pm-waterloo.html,academics,    2025-06-03
168,https://students.wlu.ca/academics/convocation/assets/resources/2025/june-10-9-30-am-waterloo.html,academics,    2025-12-08
169,https://students.wlu.ca/academics/convocation/assets/resources/2025/june-3-2-pm-brantford.html,academics,    2025-05-30
170,https://students.wlu.ca/academics/convocation/assets/resources/2025/june-3-10-am-brantford.html,academics,    2025-05-28
171,https://students.wlu.ca/academics/convocation/assets/resources/2025/june-11-1-pm-waterloo.html,academics,    2025-06-04
172,https://students.wlu.ca/academics/convocation/assets/resources/2025/june-13-9-30-am-waterloo.html,academics,    2025-06-04
173,https://students.wlu.ca/academics/convocation/assets/resources/2025/june-9-9-30-am-waterloo.html,academics,    2025-06-03
174,https://students.wlu.ca/academics/convocation/assets/resources/2025/june-11-9-30-am-waterloo.html,academics,    2025-06-16
175,https://students.wlu.ca/academics/convocation/assets/resources/2025/june-9-1-pm-waterloo.html,academics,    2025-06-03
176,https://students.wlu.ca/academics/convocation/assets/resources/2025/june-12-9-30-am-waterloo.html,academics,    2025-06-16
177,https://students.wlu.ca/academics/convocation/assets/resources/2024/oct-18-4-pm-waterloo.html,academics,    2024-12-04
178,https://students.wlu.ca/academics/convocation/assets/resources/2024/oct-18-1-pm-waterloo.html,academics,    2024-10-11
179,https://students.wlu.ca/academics/convocation/assets/resources/2024/oct-18-9-30-am-waterloo.html,academics,    2024-10-11
180,https://students.wlu.ca/academics/convocation/assets/resources/2024/oct-17-4-pm-waterloo.html,academics,    2024-10-03
181,https://students.wlu.ca/academics/convocation/assets/resources/2024/oct-17-1-pm-waterloo.html,academics,    2024-10-08
182,https://students.wlu.ca/academics/convocation/assets/resources/2024/oct-17-9-30-am-waterloo.html,academics,    2024-10-09
183,https://students.wlu.ca/academics/convocation/assets/resources/2024/oct-29-2-pm-brantford.html,academics,    2026-02-23
184,https://students.wlu.ca/academics/convocation/assets/resources/2024/june-14-1-pm-waterloo.html,academics,    2024-06-07
185,https://students.wlu.ca/academics/convocation/assets/resources/2024/june-13-4-pm-waterloo.html,academics,    2024-06-14
186,https://students.wlu.ca/academics/convocation/assets/resources/2024/june-13-1-pm-waterloo.html,academics,    2024-06-07
187,https://students.wlu.ca/academics/convocation/assets/resources/2024/june-12-4-pm-waterloo.html,academics,    2024-06-10
188,https://students.wlu.ca/academics/convocation/assets/resources/2024/june-11-4-pm-waterloo.html,academics,    2024-06-10
189,https://students.wlu.ca/academics/convocation/assets/resources/2024/june-11-1-pm-waterloo.html,academics,    2024-06-10
190,https://students.wlu.ca/academics/convocation/assets/resources/2024/june-11-9-30-am-waterloo.html,academics,    2024-06-10
191,https://students.wlu.ca/academics/convocation/assets/resources/2024/june-4-2-pm-brantford.html,academics,    2024-06-03
192,https://students.wlu.ca/academics/convocation/assets/resources/2024/june-4-10-am-brantford.html,academics,    2024-05-27
193,https://students.wlu.ca/academics/convocation/assets/resources/2024/june-12-1-pm-waterloo.html,academics,    2024-06-07
194,https://students.wlu.ca/academics/convocation/assets/resources/2024/june-14-9-30-am-waterloo.html,academics,    2024-06-10
195,https://students.wlu.ca/academics/convocation/assets/resources/2024/june-10-9-30-am-waterloo.html,academics,    2024-06-19
196,https://students.wlu.ca/academics/convocation/assets/resources/2024/june-12-9-30-am-waterloo.html,academics,    2024-06-10
197,https://students.wlu.ca/academics/convocation/assets/resources/2024/june-10-1-pm-waterloo.html,academics,    2024-06-10
198,https://students.wlu.ca/academics/convocation/assets/resources/2024/june-13-9-30-am-waterloo.html,academics,    2025-06-04
199,https://students.wlu.ca/academics/convocation/assets/resources/tickets.html,academics,    2026-07-08
200,https://students.wlu.ca/academics/convocation/assets/resources/2023/nov-1-2-30-pm-brantford.html,academics,    2023-10-19
201,https://students.wlu.ca/academics/convocation/assets/resources/2023/oct-12-9-30-am-waterloo.html,academics,    2023-10-05
202,https://students.wlu.ca/academics/convocation/assets/resources/2023/oct-13-4-pm-waterloo.html,academics,    2023-10-04
203,https://students.wlu.ca/academics/convocation/assets/resources/2023/oct-13-1-pm-waterloo.html,academics,    2024-07-10
204,https://students.wlu.ca/academics/convocation/assets/resources/2023/oct-12-4-pm-waterloo.html,academics,    2023-10-04
205,https://students.wlu.ca/academics/convocation/assets/resources/2023/oct-12-1-pm-waterloo.html,academics,    2023-10-03
206,https://students.wlu.ca/academics/convocation/assets/resources/2023/oct-13-9-30-am-waterloo.html,academics,    2023-12-20
207,https://students.wlu.ca/academics/convocation/assets/resources/2026/june-19-1-30-pm-waterloo.html,academics,    2026-06-09
208,https://students.wlu.ca/academics/convocation/assets/resources/2026/june-19-9-30-am-waterloo.html,academics,    2026-06-10
209,https://students.wlu.ca/academics/convocation/assets/resources/2026/june-18-4-30-pm-waterloo.html,academics,    2026-06-10
210,https://students.wlu.ca/academics/convocation/assets/resources/2026/june-18-1-30-pm-waterloo.html,academics,    2026-06-19
211,https://students.wlu.ca/academics/convocation/assets/resources/2026/june-18-9-30-am-waterloo.html,academics,    2026-06-19
212,https://students.wlu.ca/academics/convocation/assets/resources/2026/june-17-4-30-pm-waterloo.html,academics,    2026-06-10
213,https://students.wlu.ca/academics/convocation/assets/resources/2026/june-17-1-30-pm-waterloo.html,academics,    2026-06-09
214,https://students.wlu.ca/academics/convocation/assets/resources/2026/june-17-9-30-am-waterloo.html,academics,    2026-06-10
215,https://students.wlu.ca/academics/convocation/assets/resources/2026/june-16-4-30-pm-waterloo.html,academics,    2026-06-15
216,https://students.wlu.ca/academics/convocation/assets/resources/2026/june-16-1-30-pm-waterloo.html,academics,    2026-06-10
217,https://students.wlu.ca/academics/convocation/assets/resources/2026/june-16-9-30-am-waterloo.html,academics,    2026-06-12
218,https://students.wlu.ca/academics/convocation/assets/resources/2026/june-15-9-30-am-waterloo.html,academics,    2026-06-11
219,https://students.wlu.ca/academics/convocation/assets/resources/2026/june-15-1-30-pm-waterloo.html,academics,    2026-06-10
220,https://students.wlu.ca/academics/convocation/assets/resources/2026/june-9-2-pm-brantford.html,academics,    2026-06-08
221,https://students.wlu.ca/academics/convocation/assets/resources/2026/june-9-10-am-brantford.html,academics,    2026-06-10
222,https://students.wlu.ca/academics/convocation/assets/resources/convocation-program/index.html,academics,    2026-06-11
223,https://students.wlu.ca/academics/exams/staff-listing.html,academics,    2025-09-11
224,https://students.wlu.ca/academics/exams/proctor-confirmation.html,academics,    2026-05-04
225,https://students.wlu.ca/academics/exams/deferred-exams.html,academics,    2026-07-20
226,https://students.wlu.ca/academics/exams/assets/resources/summer-exam-schedule-online.html,academics,    2026-04-07
227,https://students.wlu.ca/academics/exams/assets/resources/summer-exam-schedule-waterloo.html,academics,    2026-04-07
228,https://students.wlu.ca/academics/exams/assets/resources/spring-exam-schedule-brantford.html,academics,    2026-06-19
229,https://students.wlu.ca/academics/exams/assets/resources/spring-exam-schedule-milton.html,academics,    2026-06-19
230,https://students.wlu.ca/academics/exams/assets/resources/spring-exam-schedule-online.html,academics,    2026-06-22
231,https://students.wlu.ca/academics/exams/assets/resources/spring-exam-schedule-waterloo.html,academics,    2026-06-19
232,https://students.wlu.ca/academics/exams/assets/resources/intersession-exam-schedule-online.html,academics,    2026-06-02
233,https://students.wlu.ca/academics/exams/assets/resources/intersession-exam-schedule-waterloo.html,academics,    2026-06-02
234,https://students.wlu.ca/academics/exams/assets/resources/summer-exam-schedule-milton.html,academics,    2026-04-16
235,https://students.wlu.ca/academics/exams/assets/resources/final-exam-schedule-milton.html,academics,    2026-03-23
236,https://students.wlu.ca/academics/exams/assets/resources/fall-exam-schedule-milton.html,academics,    2026-04-16
237,https://students.wlu.ca/academics/exams/assets/resources/best-practices-for-virtual-proctors.html,academics,    2021-09-17
238,https://students.wlu.ca/academics/exams/assets/resources/fall-exam-schedule-brantford.html,academics,    2026-04-16
239,https://students.wlu.ca/academics/exams/assets/resources/fall-exam-schedule-online.html,academics,    2026-04-16
240,https://students.wlu.ca/academics/exams/assets/resources/fall-exam-schedule-waterloo.html,academics,    2026-04-16
241,https://students.wlu.ca/academics/exams/assets/resources/final-exam-schedule-online.html,academics,    2026-03-24
242,https://students.wlu.ca/academics/exams/assets/resources/final-exam-schedule-brantford.html,academics,    2026-03-24
243,https://students.wlu.ca/academics/exams/assets/resources/final-exam-schedule-waterloo.html,academics,    2026-03-23
244,https://students.wlu.ca/academics/exams/exam-regulations.html,academics,    2026-06-25
245,https://students.wlu.ca/academics/exams/index.html,academics,    2026-06-30
246,https://students.wlu.ca/academics/exams/exam-schedules/deferred-exam-schedule.html,academics,    2026-06-25
247,https://students.wlu.ca/academics/exams/exam-schedules/index.html,academics,    2026-06-22
248,https://students.wlu.ca/academics/support-and-advising/index.html,academics,    2026-06-30
249,https://students.wlu.ca/academics/support-and-advising/student-success/staff-listing.html,academics,    2026-07-08
250,https://students.wlu.ca/academics/support-and-advising/student-success/resources.html,academics,    2026-07-08
251,https://students.wlu.ca/academics/support-and-advising/student-success/programs-and-workshops.html,academics,    2026-07-15
252,https://students.wlu.ca/academics/support-and-advising/student-success/appointments.html,academics,    2026-07-21
253,https://students.wlu.ca/academics/support-and-advising/student-success/index.html,academics,    2026-07-21
254,https://students.wlu.ca/academics/support-and-advising/student-success/assets/resources/workshops-programs/soar-program.html,academics,    2026-05-27
255,https://students.wlu.ca/academics/support-and-advising/student-success/assets/resources/writing/graduate-writing-supports.html,academics,    2026-04-24
256,https://students.wlu.ca/academics/support-and-advising/student-success/assets/resources/writing/gen-ai-and-writing.html,academics,    2026-06-19
257,https://students.wlu.ca/academics/support-and-advising/student-success/assets/resources/writing/zoom-and-teams.html,academics,    2025-05-27
258,https://students.wlu.ca/academics/support-and-advising/student-success/assets/resources/writing/translingual-writing.html,academics,    2025-05-27
259,https://students.wlu.ca/academics/support-and-advising/student-success/assets/resources/writing/how-to-write-an-abstract.html,academics,    2024-08-07
260,https://students.wlu.ca/academics/support-and-advising/student-success/assets/resources/writing/personal-statements.html,academics,    2024-05-30
261,https://students.wlu.ca/academics/support-and-advising/student-success/assets/resources/writing/argumentative-essay.html,academics,    2024-10-21
262,https://students.wlu.ca/academics/support-and-advising/student-success/assets/resources/writing/book-review.html,academics,    2024-05-30
263,https://students.wlu.ca/academics/support-and-advising/student-success/assets/resources/writing/annotated-bibliography.html,academics,    2024-05-30
264,https://students.wlu.ca/academics/support-and-advising/student-success/assets/resources/writing/undergraduate-thesis-writing-program.html,academics,    2026-04-24
265,https://students.wlu.ca/academics/support-and-advising/student-success/assets/resources/writing/journal-article-review.html,academics,    2023-09-06
266,https://students.wlu.ca/academics/support-and-advising/student-success/assets/resources/writing/how-to-structure-an-academic-paragraph.html,academics,    2026-06-23
267,https://students.wlu.ca/academics/support-and-advising/student-success/assets/resources/writing/reflective-writing.html,academics,    2023-09-06
268,https://students.wlu.ca/academics/support-and-advising/student-success/assets/resources/writing/common-grammar-errors.html,academics,    2023-09-06
269,https://students.wlu.ca/academics/support-and-advising/student-success/assets/resources/writing/how-to-integrate-sources-effectively.html,academics,    2024-10-08
270,https://students.wlu.ca/academics/support-and-advising/student-success/assets/resources/writing/canadian-press-style.html,academics,    2026-04-23
271,https://students.wlu.ca/academics/support-and-advising/student-success/assets/resources/writing/thesis-statements.html,academics,    2023-03-23
272,https://students.wlu.ca/academics/support-and-advising/student-success/assets/resources/writing/graduate-writing-retreat.html,academics,    2026-04-15
273,https://students.wlu.ca/academics/support-and-advising/student-success/assets/resources/writing/sentence-types.html,academics,    2023-03-22
274,https://students.wlu.ca/academics/support-and-advising/student-success/assets/resources/writing/writing-exam-essays.html,academics,    2023-03-21
275,https://students.wlu.ca/academics/support-and-advising/student-success/assets/resources/writing/writing-clearly.html,academics,    2023-03-22
276,https://students.wlu.ca/academics/support-and-advising/student-success/assets/resources/writing/understanding-your-assignment.html,academics,    2023-03-21
277,https://students.wlu.ca/academics/support-and-advising/student-success/assets/resources/writing/punctuation-rules-commas.html,academics,    2024-08-27
278,https://students.wlu.ca/academics/support-and-advising/student-success/assets/resources/writing/chicago-manual-of-style-notes-bibliography.html,academics,    2025-11-13
279,https://students.wlu.ca/academics/support-and-advising/student-success/assets/resources/writing/writing-support-programs.html,academics,    2025-10-28
280,https://students.wlu.ca/academics/support-and-advising/student-success/assets/resources/writing/mla-citations.html,academics,    2025-10-20
281,https://students.wlu.ca/academics/support-and-advising/student-success/assets/resources/writing/scholarship-proposal.html,academics,    2024-02-13
282,https://students.wlu.ca/academics/support-and-advising/student-success/assets/resources/writing/op-ed-writing.html,academics,    2023-03-21
283,https://students.wlu.ca/academics/support-and-advising/student-success/assets/resources/writing/books-on-academic-writing.html,academics,    2024-08-28
284,https://students.wlu.ca/academics/support-and-advising/student-success/assets/resources/writing/chicago-manual-of-style.html,academics,    2025-10-20
285,https://students.wlu.ca/academics/support-and-advising/student-success/assets/resources/writing/transition-words-and-phrases.html,academics,    2023-03-22
286,https://students.wlu.ca/academics/support-and-advising/student-success/assets/resources/writing/literature-review.html,academics,    2023-03-21
287,https://students.wlu.ca/academics/support-and-advising/student-success/assets/resources/writing/online-graduate-student-writing-groups.html,academics,    2021-07-12
288,https://students.wlu.ca/academics/support-and-advising/student-success/assets/resources/writing/inclusive-language.html,academics,    2023-03-22
289,https://students.wlu.ca/academics/support-and-advising/student-success/assets/resources/writing/developing-a-major-writing-project-program.html,academics,    2024-03-27
290,https://students.wlu.ca/academics/support-and-advising/student-success/assets/resources/writing/code-of-conduct-for-waterloo-writing-services-appointments.html,academics,    2021-09-16
291,https://students.wlu.ca/academics/support-and-advising/student-success/assets/resources/writing/french-homonyms.html,academics,    2023-03-23
292,https://students.wlu.ca/academics/support-and-advising/student-success/assets/resources/writing/apa-citations.html,academics,    2026-05-14
293,https://students.wlu.ca/academics/support-and-advising/student-success/assets/resources/study-skills/graduate-student-academic-support.html,academics,    2026-07-24
294,https://students.wlu.ca/academics/support-and-advising/student-success/assets/resources/study-skills/studying-with-blooms-taxonomy.html,academics,    2025-11-06
295,https://students.wlu.ca/academics/support-and-advising/student-success/assets/resources/study-skills/black-student-academic-success-program.html,academics,    2026-02-13
296,https://students.wlu.ca/academics/support-and-advising/student-success/assets/resources/study-skills/time-management-strategies.html,academics,    2025-03-28
297,https://students.wlu.ca/academics/support-and-advising/student-success/assets/resources/study-skills/strategies-for-success-in-online-courses.html,academics,    2025-07-23
298,https://students.wlu.ca/academics/support-and-advising/student-success/assets/resources/study-skills/note-taking-strategies.html,academics,    2025-05-22
299,https://students.wlu.ca/academics/support-and-advising/student-success/assets/resources/study-skills/active-listening.html,academics,    2025-05-22
300,https://students.wlu.ca/academics/support-and-advising/student-success/assets/resources/study-skills/writing-objective-tests.html,academics,    2025-03-28
301,https://students.wlu.ca/academics/support-and-advising/student-success/assets/resources/study-skills/preparing-for-multiple-choice-tests-using-blooms-revised-taxonomy.html,academics,    2025-03-28
302,https://students.wlu.ca/academics/support-and-advising/student-success/assets/resources/study-skills/preparation-checklist-for-online-exams.html,academics,    2025-11-05
303,https://students.wlu.ca/academics/support-and-advising/student-success/assets/resources/study-skills/metacognition.html,academics,    2025-03-28
304,https://students.wlu.ca/academics/support-and-advising/student-success/assets/resources/study-skills/exam-preparation-strategies.html,academics,    2025-03-28
305,https://students.wlu.ca/academics/support-and-advising/student-success/assets/resources/study-skills/strategies-for-studying-individually.html,academics,    2025-05-22
306,https://students.wlu.ca/academics/support-and-advising/student-success/assets/resources/study-skills/strategies-for-studying-in-groups.html,academics,    2025-05-22
307,https://students.wlu.ca/academics/support-and-advising/student-success/assets/resources/study-skills/strategies-for-managing-quantitative-homework.html,academics,    2024-09-27
308,https://students.wlu.ca/academics/support-and-advising/student-success/assets/resources/study-skills/active-learners.html,academics,    2024-08-27
309,https://students.wlu.ca/academics/support-and-advising/student-success/assets/resources/study-skills/golden-guide-to-a-successful-semester.html,academics,    2024-08-28
310,https://students.wlu.ca/academics/support-and-advising/student-success/assets/resources/study-skills/5-keys-to-success-in-virtual-courses.html,academics,    2024-12-20
311,https://students.wlu.ca/academics/support-and-advising/student-success/assets/resources/study-skills/keep-calm-and-study-on.html,academics,    2026-07-03
312,https://students.wlu.ca/academics/support-and-advising/student-success/assets/resources/study-skills/golden-rules-resiliency-certificate.html,academics,    2026-07-16
313,https://students.wlu.ca/academics/support-and-advising/student-success/assets/resources/study-skills/peer-academic-coaching.html,academics,    2024-10-29
314,https://students.wlu.ca/academics/support-and-advising/student-success/assets/resources/study-skills/academic-skills-certificate.html,academics,    2026-07-15
315,https://students.wlu.ca/academics/support-and-advising/student-success/assets/resources/study-skills/athlete-academic-success-program.html,academics,    2026-03-02
316,https://students.wlu.ca/academics/support-and-advising/student-success/assets/resources/math/monday-morning-math-clinics.html,academics,    2026-04-27
317,https://students.wlu.ca/academics/support-and-advising/student-success/assets/resources/math/supplemental-instruction-sessions.html,academics,    2026-04-28
318,https://students.wlu.ca/academics/support-and-advising/student-success/assets/resources/math/math-mentoring-program.html,academics,    2026-02-10
319,https://students.wlu.ca/academics/support-and-advising/student-success/assets/resources/math/pre-calculus-and-pre-statistics-modules.html,academics,    2026-05-20
320,https://students.wlu.ca/academics/support-and-advising/student-success/assets/resources/math/tutoring.html,academics,    2026-05-22
321,https://students.wlu.ca/academics/support-and-advising/student-success/assets/resources/math/directed-homework-sessions.html,academics,    2026-04-27
322,https://students.wlu.ca/academics/support-and-advising/student-success/assets/resources/math/triage.html,academics,    2026-06-05
323,https://students.wlu.ca/academics/support-and-advising/student-success/assets/resources/math/mock-tests-and-exams.html,academics,    2026-04-27
324,https://students.wlu.ca/academics/support-and-advising/student-success/assets/resources/math/drop-in-help.html,academics,    2026-05-25
325,https://students.wlu.ca/academics/support-and-advising/gpa-calculator/index.html,academics,    2023-01-09
326,https://students.wlu.ca/academics/support-and-advising/educational-technologies/staff-listing.html,academics,    2026-06-29
327,https://students.wlu.ca/academics/support-and-advising/educational-technologies/course-evaluations.html,academics,    2026-06-30
328,https://students.wlu.ca/academics/support-and-advising/educational-technologies/mylearningspace-guide/index.html,academics,    2025-08-11
329,https://students.wlu.ca/academics/support-and-advising/educational-technologies/mylearningspace-guide/assets/resources/panopto.html,academics,    2025-07-14
330,https://students.wlu.ca/academics/support-and-advising/educational-technologies/mylearningspace-guide/assets/resources/iclicker.html,academics,    2025-07-29
331,https://students.wlu.ca/academics/support-and-advising/educational-technologies/mylearningspace-guide/assets/resources/settings.html,academics,    2021-09-10
332,https://students.wlu.ca/academics/support-and-advising/educational-technologies/mylearningspace-guide/assets/resources/awards.html,academics,    2021-09-09
333,https://students.wlu.ca/academics/support-and-advising/educational-technologies/mylearningspace-guide/assets/resources/turnitin-and-gradescope.html,academics,    2021-09-08
334,https://students.wlu.ca/academics/support-and-advising/educational-technologies/mylearningspace-guide/assets/resources/surveys.html,academics,    2021-09-08
335,https://students.wlu.ca/academics/support-and-advising/educational-technologies/mylearningspace-guide/assets/resources/rubrics.html,academics,    2021-09-08
336,https://students.wlu.ca/academics/support-and-advising/educational-technologies/mylearningspace-guide/assets/resources/quizzes.html,academics,    2023-03-22
337,https://students.wlu.ca/academics/support-and-advising/educational-technologies/mylearningspace-guide/assets/resources/grades.html,academics,    2021-09-08
338,https://students.wlu.ca/academics/support-and-advising/educational-technologies/mylearningspace-guide/assets/resources/groups.html,academics,    2021-12-22
339,https://students.wlu.ca/academics/support-and-advising/educational-technologies/mylearningspace-guide/assets/resources/dropbox.html,academics,    2025-08-05
340,https://students.wlu.ca/academics/support-and-advising/educational-technologies/mylearningspace-guide/assets/resources/discussions.html,academics,    2021-09-03
341,https://students.wlu.ca/academics/support-and-advising/educational-technologies/mylearningspace-guide/assets/resources/content.html,academics,    2021-09-09
342,https://students.wlu.ca/academics/support-and-advising/educational-technologies/mylearningspace-guide/assets/resources/classlist.html,academics,    2021-09-03
343,https://students.wlu.ca/academics/support-and-advising/educational-technologies/mylearningspace-guide/assets/resources/calendar.html,academics,    2021-08-31
344,https://students.wlu.ca/academics/support-and-advising/educational-technologies/mylearningspace-guide/assets/resources/course-homepage.html,academics,    2021-09-08
345,https://students.wlu.ca/academics/support-and-advising/educational-technologies/mylearningspace-guide/assets/resources/myls-homepage.html,academics,    2026-07-23
346,https://students.wlu.ca/academics/support-and-advising/educational-technologies/mylearningspace-guide/assets/resources/email.html,academics,    2021-08-31
347,https://students.wlu.ca/academics/support-and-advising/educational-technologies/assets/resources/guidelines-for-the-use-of-respondus-lockdown-browser-in-assessments.html,academics,    2023-04-05
348,https://students.wlu.ca/academics/support-and-advising/educational-technologies/assets/resources/assessment-tools-in-remote-and-online-courses.html,academics,    2026-07-29
349,https://students.wlu.ca/academics/support-and-advising/educational-technologies/assets/resources/guidelines-for-the-use-of-online-and-digital-resources.html,academics,    2021-10-28
350,https://students.wlu.ca/academics/support-and-advising/educational-technologies/index.html,academics,    2026-06-25
351,https://students.wlu.ca/academics/support-and-advising/accessible-learning/contacts-and-feedback.html,academics,    2026-07-15
352,https://students.wlu.ca/academics/support-and-advising/accessible-learning/index.html,academics,    2026-07-24
353,https://students.wlu.ca/academics/support-and-advising/accessible-learning/policies-and-processes.html,academics,    2026-04-15
354,https://students.wlu.ca/academics/support-and-advising/accessible-learning/financial-aid.html,academics,    2026-05-11
355,https://students.wlu.ca/academics/support-and-advising/accessible-learning/accommodation/learning-strategies.html,academics,    2026-04-02
356,https://students.wlu.ca/academics/support-and-advising/accessible-learning/accommodation/student-support.html,academics,    2025-08-20
357,https://students.wlu.ca/academics/support-and-advising/accessible-learning/accommodation/tutoring.html,academics,    2025-08-20
358,https://students.wlu.ca/academics/support-and-advising/accessible-learning/accommodation/index.html,academics,    2026-07-24
359,https://students.wlu.ca/academics/support-and-advising/accessible-learning/accommodation/assistive-technology.html,academics,    2025-08-20
360,https://students.wlu.ca/academics/support-and-advising/accessible-learning/accommodation/using-accommodations.html,academics,    2026-03-30
361,https://students.wlu.ca/academics/support-and-advising/accessible-learning/registration/orientation-to-accessible-learning.html,academics,    2026-06-24
362,https://students.wlu.ca/academics/support-and-advising/accessible-learning/registration/step-2-alc-consultant.html,academics,    2025-08-20
363,https://students.wlu.ca/academics/support-and-advising/accessible-learning/registration/step-1-registration-and-documentation.html,academics,    2026-07-24
364,https://students.wlu.ca/academics/support-and-advising/accessible-learning/registration/index.html,academics,    2025-08-20
365,https://students.wlu.ca/academics/support-and-advising/accessible-learning/assets/resources/goal.html,academics,    2026-06-24
366,https://students.wlu.ca/academics/support-and-advising/accessible-learning/assets/resources/bursary-decision-appeal-procedure.html,academics,    2025-03-12
367,https://students.wlu.ca/academics/support-and-advising/accessible-learning/assets/resources/accommodation-appeal-process.html,academics,    2025-03-12
368,https://students.wlu.ca/academics/support-and-advising/accessible-learning/assets/resources/statement-of-confidentiality.html,academics,    2026-03-26
369,https://students.wlu.ca/academics/support-and-advising/accessible-learning/assets/resources/accessible-learning-study-space.html,academics,    2024-10-02
370,https://students.wlu.ca/academics/support-and-advising/accessible-learning/assets/resources/accessible-learning-exam-protocols.html,academics,    2026-04-02
371,https://students.wlu.ca/academics/support-and-advising/accessible-learning/assets/resources/online-exams.html,academics,    2022-07-05
372,https://students.wlu.ca/academics/support-and-advising/accessible-learning/assets/resources/borrowing-and-purchasing.html,academics,    2021-05-13
373,https://students.wlu.ca/academics/support-and-advising/accessible-learning/assets/resources/writing.html,academics,    2019-08-13
374,https://students.wlu.ca/academics/support-and-advising/accessible-learning/assets/resources/test-or-exam-faq.html,academics,    2022-09-22
375,https://students.wlu.ca/academics/support-and-advising/accessible-learning/assets/resources/intake-process.html,academics,    2021-04-29
376,https://students.wlu.ca/academics/support-and-advising/accessible-learning/assets/resources/assessments.html,academics,    2024-08-02
377,https://students.wlu.ca/academics/support-and-advising/accessible-learning/assets/resources/reading.html,academics,    2024-08-02
378,https://students.wlu.ca/academics/support-and-advising/accessible-learning/assets/resources/high-school-vs-university.html,academics,    2022-05-04
379,https://students.wlu.ca/academics/support-and-advising/accessible-learning/assets/resources/view-your-scheduled-exam-accommodations.html,academics,    2022-08-17
380,https://students.wlu.ca/academics/support-and-advising/accessible-learning/assets/resources/fall-transition-connection.html,academics,    2020-09-30
381,https://students.wlu.ca/academics/support-and-advising/accessible-learning/assets/resources/confirming-exam-times-and-locations.html,academics,    2019-03-06
382,https://students.wlu.ca/academics/support-and-advising/accessible-learning/assets/resources/schedule-your-exam-accommodations.html,academics,    2026-03-27
383,https://students.wlu.ca/academics/support-and-advising/accessible-learning/assets/resources/note-taking.html,academics,    2025-12-17
384,https://students.wlu.ca/academics/support-and-advising/accessible-learning/assets/resources/prepare-for-your-intake-appointment.html,academics,    2021-06-03
385,https://students.wlu.ca/academics/support-and-advising/accessible-learning/assets/resources/frequently-asked-questions-about-note-taking.html,academics,    2025-09-26
386,https://students.wlu.ca/academics/support-and-advising/academic-integrity/generative-ai-guidelines.html,academics,    2026-06-22
387,https://students.wlu.ca/academics/support-and-advising/academic-integrity/research-misconduct-defined.html,academics,    2024-08-28
388,https://students.wlu.ca/academics/support-and-advising/academic-integrity/academic-misconduct-procedures.html,academics,    2024-08-26
389,https://students.wlu.ca/academics/support-and-advising/academic-integrity/types-of-academic-misconduct.html,academics,    2020-10-09
390,https://students.wlu.ca/academics/support-and-advising/academic-integrity/assets/resources/the-dangers-of-contract-cheating-companies.html,academics,    2024-08-23
391,https://students.wlu.ca/academics/support-and-advising/academic-integrity/assets/resources/writing-with-integrity.html,academics,    2024-08-28
392,https://students.wlu.ca/academics/support-and-advising/academic-integrity/assets/resources/studying-with-integrity.html,academics,    2021-08-18
393,https://students.wlu.ca/academics/support-and-advising/academic-integrity/assets/resources/researching-with-integrity.html,academics,    2021-08-18
394,https://students.wlu.ca/academics/support-and-advising/academic-integrity/assets/resources/collaborating-with-integrity.html,academics,    2024-08-23
395,https://students.wlu.ca/academics/support-and-advising/academic-integrity/assets/resources/stack-your-habits-to-achieve-academic-integrity.html,academics,    2024-04-26
396,https://students.wlu.ca/academics/support-and-advising/academic-integrity/assets/resources/the-truth-about-time-management-and-academic-success.html,academics,    2024-08-27
397,https://students.wlu.ca/academics/support-and-advising/academic-integrity/assets/resources/staying-golden-during-finals-season.html,academics,    2025-03-27
398,https://students.wlu.ca/academics/support-and-advising/academic-integrity/assets/resources/academic-integrity-the-gold-the-grey-and-the-stay-away.html,academics,    2024-08-27
399,https://students.wlu.ca/academics/support-and-advising/academic-integrity/assets/resources/golden-rules-for-acting-with-integrity.html,academics,    2024-08-26
400,https://students.wlu.ca/academics/support-and-advising/academic-integrity/assets/resources/acting-with-integrity-in-academia-and-across-industries.html,academics,    2020-09-16
401,https://students.wlu.ca/academics/support-and-advising/academic-integrity/index.html,academics,    2025-08-28
402,https://students.wlu.ca/academics/support-and-advising/academic-advising/mydegree.html,academics,    2023-08-25
403,https://students.wlu.ca/academics/support-and-advising/academic-advising/strategies-for-academic-success.html,academics,    2026-06-02
404,https://students.wlu.ca/academics/support-and-advising/academic-advising/progressing-past-probation.html,academics,    2025-12-19
405,https://students.wlu.ca/academics/support-and-advising/academic-advising/online-advising/index.html,academics,    2026-06-30
406,https://students.wlu.ca/academics/support-and-advising/academic-advising/luther-advising/index.html,academics,    2024-01-30
407,https://students.wlu.ca/academics/support-and-advising/academic-advising/music-advising/index.html,academics,    2025-09-11
408,https://students.wlu.ca/academics/support-and-advising/academic-advising/lazaridis-school-advising/index.html,academics,    2026-06-08
409,https://students.wlu.ca/academics/support-and-advising/academic-advising/education-advising/index.html,academics,    2025-09-25
410,https://students.wlu.ca/academics/support-and-advising/academic-advising/education-advising/assets/resources/leave-of-absence-and-withdrawal-process.html,academics,    2025-09-24
411,https://students.wlu.ca/academics/support-and-advising/academic-advising/brantford-advising/index.html,academics,    2026-07-10
412,https://students.wlu.ca/academics/support-and-advising/academic-advising/brantford-advising/assets/resources/year-3-conestoga-college-student-checklist.html,academics,    2026-05-14
413,https://students.wlu.ca/academics/support-and-advising/academic-advising/milton-advising/index.html,academics,    2026-06-29
414,https://students.wlu.ca/academics/support-and-advising/academic-advising/science-advising/index.html,academics,    2026-06-30
415,https://students.wlu.ca/academics/support-and-advising/academic-advising/science-advising/assets/resources/selecting-electives-senior-faculty-of-science-students.html,academics,    2026-07-03
416,https://students.wlu.ca/academics/support-and-advising/academic-advising/science-advising/assets/resources/faculty-of-science-deferred-examination-petitions-faqs.html,academics,    2026-06-22
417,https://students.wlu.ca/academics/support-and-advising/academic-advising/science-advising/assets/resources/laurier-holiday-closure-advising-resources.html,academics,    2023-12-20
418,https://students.wlu.ca/academics/support-and-advising/academic-advising/science-advising/assets/resources/management-option.html,academics,    2026-06-19
419,https://students.wlu.ca/academics/support-and-advising/academic-advising/science-advising/assets/resources/faculty-of-science-registration-restrictions.html,academics,    2026-06-26
420,https://students.wlu.ca/academics/support-and-advising/academic-advising/science-advising/assets/resources/registration-tips-for-incoming-first-year-mathematics-students.html,academics,    2026-07-02
421,https://students.wlu.ca/academics/support-and-advising/academic-advising/science-advising/assets/resources/pre-requisite-information-for-first-year-chemistry-courses.html,academics,    2026-06-08
422,https://students.wlu.ca/academics/support-and-advising/academic-advising/science-advising/assets/resources/tips-for-selecting-electives-for-first-year-faculty-of-science-students.html,academics,    2026-06-26
423,https://students.wlu.ca/academics/support-and-advising/academic-advising/science-advising/assets/resources/connect-with-science-academic-advising.html,academics,    2026-06-22
424,https://students.wlu.ca/academics/support-and-advising/academic-advising/science-advising/assets/resources/science-advising-forms.html,academics,    2026-06-19
425,https://students.wlu.ca/academics/support-and-advising/academic-advising/arts-advising/index.html,academics,    2026-07-23
426,https://students.wlu.ca/academics/support-and-advising/academic-advising/index.html,academics,    2025-08-01
427,https://students.wlu.ca/academics/support-and-advising/incoming-student-support/university-preparation.html,academics,    2026-07-14
428,https://students.wlu.ca/academics/support-and-advising/incoming-student-support/registration-webinars.html,academics,    2026-07-07
429,https://students.wlu.ca/academics/support-and-advising/incoming-student-support/wilfrid-laurier-international-college.html,academics,    2026-01-02
430,https://students.wlu.ca/academics/support-and-advising/incoming-student-support/assets/resources/email-archive.html,academics,    2026-07-28
431,https://students.wlu.ca/academics/support-and-advising/incoming-student-support/assets/resources/january-jumpstart-events-and-activities.html,academics,    2026-01-07
432,https://students.wlu.ca/academics/support-and-advising/incoming-student-support/assets/resources/taking-flight-your-guide-to-becoming-a-golden-hawk.html,academics,    2026-07-10
433,https://students.wlu.ca/academics/support-and-advising/incoming-student-support/assets/resources/laurier-101-parent-supporters-subscribe.html,academics,    2026-04-28
434,https://students.wlu.ca/academics/support-and-advising/incoming-student-support/assets/resources/academic-support-and-services.html,academics,    2024-08-23
435,https://students.wlu.ca/academics/support-and-advising/incoming-student-support/assets/resources/lead-laurier-summer-retreat.html,academics,    2024-08-06
436,https://students.wlu.ca/academics/support-and-advising/incoming-student-support/assets/resources/checklists.html,academics,    2026-06-26
437,https://students.wlu.ca/academics/support-and-advising/incoming-student-support/assets/resources/get-connected-week.html,academics,    2025-07-09
438,https://students.wlu.ca/academics/support-and-advising/incoming-student-support/spring-start/index.html,academics,    2026-07-03
439,https://students.wlu.ca/academics/support-and-advising/incoming-student-support/winter-start/index.html,academics,    2026-07-03
440,https://students.wlu.ca/academics/support-and-advising/incoming-student-support/fall-start/academic-preparation-week.html,academics,    2026-07-08
441,https://students.wlu.ca/academics/support-and-advising/incoming-student-support/fall-start/index.html,academics,    2026-07-28
442,https://students.wlu.ca/academics/support-and-advising/incoming-student-support/fall-start/events.html,academics,    2026-07-16
443,https://students.wlu.ca/academics/support-and-advising/incoming-student-support/index.html,academics,    2026-01-16
444,https://students.wlu.ca/academics/support-and-advising/assets/resources/strategies-for-succeeding-in-online-courses.html,academics,    2026-05-20
445,https://students.wlu.ca/academics/support-and-advising/assets/resources/must-know-study-tips.html,academics,    2026-01-28
446,https://students.wlu.ca/academics/support-and-advising/assets/resources/building-an-effective-study-schedule.html,academics,    2025-11-05
447,https://students.wlu.ca/academics/support-and-advising/assets/resources/preparing-for-quantitative-based-exams.html,academics,    2025-11-05
448,https://students.wlu.ca/academics/support-and-advising/assets/resources/five-myths-about-written-exams-and-final-papers.html,academics,    2025-11-05
449,https://students.wlu.ca/academics/support-and-advising/assets/resources/exam-readiness-checklist.html,academics,    2025-11-05
450,https://students.wlu.ca/academics/support-and-advising/assets/resources/preparing-for-in-person-exams.html,academics,    2025-11-05
451,https://students.wlu.ca/academics/support-and-advising/assets/resources/golden-guide-to-finishing-the-term-strong.html,academics,    2025-11-05
452,https://students.wlu.ca/academics/support-and-advising/assets/resources/academic-supports-and-resources-to-help-you-finish-the-term-strong.html,academics,    2025-11-05
453,https://students.wlu.ca/academics/support-and-advising/assets/resources/find-productivity-by-eating-your-frog.html,academics,    2024-11-29
454,https://students.wlu.ca/academics/support-and-advising/calendars-and-petitions/important-dates-and-deadlines.html,academics,    2026-07-09
455,https://students.wlu.ca/academics/support-and-advising/calendars-and-petitions/index.html,academics,    2025-10-30
456,https://students.wlu.ca/academics/support-and-advising/calendars-and-petitions/petitions-and-appeals/accommodations-for-religious-observances.html,academics,    2025-08-19
457,https://students.wlu.ca/academics/support-and-advising/calendars-and-petitions/petitions-and-appeals/procedures-for-considering-a-student-appeal.html,academics,    2026-01-16
458,https://students.wlu.ca/academics/support-and-advising/calendars-and-petitions/petitions-and-appeals/index.html,academics,    2026-06-12
459,https://students.wlu.ca/academics/support-and-advising/calendars-and-petitions/assets/resources/procedure-for-student-appeals.html,academics,    2024-11-05
460,https://students.wlu.ca/academics/support-and-advising/calendars-and-petitions/academic-calendars/index.html,academics,    2026-05-15
461,https://students.wlu.ca/career-and-experiential-learning/index.html,career-and-experiential-learning,    2026-07-28
462,https://students.wlu.ca/career-and-experiential-learning/jobs-on-campus/payroll.html,career-and-experiential-learning,    2025-12-15
463,https://students.wlu.ca/career-and-experiential-learning/jobs-on-campus/work-learn.html,career-and-experiential-learning,    2026-06-26
464,https://students.wlu.ca/career-and-experiential-learning/jobs-on-campus/iswep.html,career-and-experiential-learning,    2026-06-05
465,https://students.wlu.ca/career-and-experiential-learning/jobs-on-campus/index.html,career-and-experiential-learning,    2026-07-02
466,https://students.wlu.ca/career-and-experiential-learning/jobs-on-campus/lwsp/onboarding-and-program-requirements.html,career-and-experiential-learning,    2026-01-27
467,https://students.wlu.ca/career-and-experiential-learning/jobs-on-campus/lwsp/eligibility-and-job-applications.html,career-and-experiential-learning,    2026-06-26
468,https://students.wlu.ca/career-and-experiential-learning/jobs-on-campus/lwsp/index.html,career-and-experiential-learning,    2026-06-26
469,https://students.wlu.ca/career-and-experiential-learning/volunteering/profiles.html,career-and-experiential-learning,    2024-10-10
470,https://students.wlu.ca/career-and-experiential-learning/volunteering/non-profit-sector-experiential-certificate.html,career-and-experiential-learning,    2024-10-10
471,https://students.wlu.ca/career-and-experiential-learning/volunteering/volunteer-abroad.html,career-and-experiential-learning,    2026-07-02
472,https://students.wlu.ca/career-and-experiential-learning/volunteering/off-campus.html,career-and-experiential-learning,    2024-10-10
473,https://students.wlu.ca/career-and-experiential-learning/volunteering/on-campus.html,career-and-experiential-learning,    2026-05-05
474,https://students.wlu.ca/career-and-experiential-learning/volunteering/index.html,career-and-experiential-learning,    2024-10-10
475,https://students.wlu.ca/career-and-experiential-learning/experience-record/staff-listing.html,career-and-experiential-learning,    2024-10-10
476,https://students.wlu.ca/career-and-experiential-learning/experience-record/assets/resources/get-involved-at-laurier.html,career-and-experiential-learning,    2025-08-22
477,https://students.wlu.ca/career-and-experiential-learning/experience-record/assets/resources/how-to-get-involved-in-virtual-experiential-learning.html,career-and-experiential-learning,    2021-12-20
478,https://students.wlu.ca/career-and-experiential-learning/experience-record/assets/resources/co-curricular-experiences-database.html,career-and-experiential-learning,    2024-06-04
479,https://students.wlu.ca/career-and-experiential-learning/experience-record/assets/experience-guides/sussex-laurier.html,career-and-experiential-learning,    2026-07-03
480,https://students.wlu.ca/career-and-experiential-learning/experience-record/assets/experience-guides/arts/women-and-gender-studies.html,career-and-experiential-learning,    2026-07-02
481,https://students.wlu.ca/career-and-experiential-learning/experience-record/assets/experience-guides/arts/sociology.html,career-and-experiential-learning,    2026-07-02
482,https://students.wlu.ca/career-and-experiential-learning/experience-record/assets/experience-guides/arts/religion-and-culture.html,career-and-experiential-learning,    2026-07-24
483,https://students.wlu.ca/career-and-experiential-learning/experience-record/assets/experience-guides/arts/philosophy.html,career-and-experiential-learning,    2026-07-02
484,https://students.wlu.ca/career-and-experiential-learning/experience-record/assets/experience-guides/arts/north-american-studies.html,career-and-experiential-learning,    2026-07-02
485,https://students.wlu.ca/career-and-experiential-learning/experience-record/assets/experience-guides/arts/medieval-studies.html,career-and-experiential-learning,    2026-07-02
486,https://students.wlu.ca/career-and-experiential-learning/experience-record/assets/experience-guides/arts/languages.html,career-and-experiential-learning,    2026-07-02
487,https://students.wlu.ca/career-and-experiential-learning/experience-record/assets/experience-guides/arts/international-education-studies.html,career-and-experiential-learning,    2026-07-02
488,https://students.wlu.ca/career-and-experiential-learning/experience-record/assets/experience-guides/arts/global-studies.html,career-and-experiential-learning,    2026-07-09
489,https://students.wlu.ca/career-and-experiential-learning/experience-record/assets/experience-guides/arts/cultural-studies.html,career-and-experiential-learning,    2026-06-30
490,https://students.wlu.ca/career-and-experiential-learning/experience-record/assets/experience-guides/arts/communication-studies.html,career-and-experiential-learning,    2026-06-30
491,https://students.wlu.ca/career-and-experiential-learning/experience-record/assets/experience-guides/arts/anthropology.html,career-and-experiential-learning,    2026-07-24
492,https://students.wlu.ca/career-and-experiential-learning/experience-record/assets/experience-guides/arts/archaeology.html,career-and-experiential-learning,    2026-07-28
493,https://students.wlu.ca/career-and-experiential-learning/experience-record/assets/experience-guides/arts/political-science.html,career-and-experiential-learning,    2026-07-02
494,https://students.wlu.ca/career-and-experiential-learning/experience-record/assets/experience-guides/arts/history-and-ancient-studies.html,career-and-experiential-learning,    2026-07-09
495,https://students.wlu.ca/career-and-experiential-learning/experience-record/assets/experience-guides/arts/film-studies.html,career-and-experiential-learning,    2026-07-29
496,https://students.wlu.ca/career-and-experiential-learning/experience-record/assets/experience-guides/arts/english.html,career-and-experiential-learning,    2026-07-29
497,https://students.wlu.ca/career-and-experiential-learning/experience-record/assets/experience-guides/science/psychology-milton.html,career-and-experiential-learning,    2026-07-03
498,https://students.wlu.ca/career-and-experiential-learning/experience-record/assets/experience-guides/science/computer-science-milton.html,career-and-experiential-learning,    2026-07-03
499,https://students.wlu.ca/career-and-experiential-learning/experience-record/assets/experience-guides/science/physics.html,career-and-experiential-learning,    2026-07-09
500,https://students.wlu.ca/career-and-experiential-learning/experience-record/assets/experience-guides/science/mathematics.html,career-and-experiential-learning,    2026-07-03
501,https://students.wlu.ca/career-and-experiential-learning/experience-record/assets/experience-guides/science/geography.html,career-and-experiential-learning,    2026-07-09
502,https://students.wlu.ca/career-and-experiential-learning/experience-record/assets/experience-guides/science/financial-mathematics.html,career-and-experiential-learning,    2026-07-03
503,https://students.wlu.ca/career-and-experiential-learning/experience-record/assets/experience-guides/science/environmental-studies.html,career-and-experiential-learning,    2026-07-03
504,https://students.wlu.ca/career-and-experiential-learning/experience-record/assets/experience-guides/science/data-science.html,career-and-experiential-learning,    2026-07-03
505,https://students.wlu.ca/career-and-experiential-learning/experience-record/assets/experience-guides/science/computer-science.html,career-and-experiential-learning,    2026-07-03
506,https://students.wlu.ca/career-and-experiential-learning/experience-record/assets/experience-guides/science/psychology.html,career-and-experiential-learning,    2026-07-09
507,https://students.wlu.ca/career-and-experiential-learning/experience-record/assets/experience-guides/science/kinesiology.html,career-and-experiential-learning,    2026-07-03
508,https://students.wlu.ca/career-and-experiential-learning/experience-record/assets/experience-guides/science/honours-science.html,career-and-experiential-learning,    2026-07-03
509,https://students.wlu.ca/career-and-experiential-learning/experience-record/assets/experience-guides/science/health-sciences.html,career-and-experiential-learning,    2026-07-29
510,https://students.wlu.ca/career-and-experiential-learning/experience-record/assets/experience-guides/science/environmental-science.html,career-and-experiential-learning,    2026-07-29
511,https://students.wlu.ca/career-and-experiential-learning/experience-record/assets/experience-guides/science/chemistry.html,career-and-experiential-learning,    2026-07-03
512,https://students.wlu.ca/career-and-experiential-learning/experience-record/assets/experience-guides/science/biology.html,career-and-experiential-learning,    2026-07-28
513,https://students.wlu.ca/career-and-experiential-learning/experience-record/assets/experience-guides/science/biochemistry-and-biotechnology.html,career-and-experiential-learning,    2026-07-09
514,https://students.wlu.ca/career-and-experiential-learning/experience-record/assets/experience-guides/lazaridis-school/business-technology-management-milton.html,career-and-experiential-learning,    2026-07-03
515,https://students.wlu.ca/career-and-experiential-learning/experience-record/assets/experience-guides/lazaridis-school/economics.html,career-and-experiential-learning,    2026-07-28
516,https://students.wlu.ca/career-and-experiential-learning/experience-record/assets/experience-guides/lazaridis-school/business-technology-management.html,career-and-experiential-learning,    2026-07-03
517,https://students.wlu.ca/career-and-experiential-learning/experience-record/assets/experience-guides/lazaridis-school/business-and-computer-science-uw.html,career-and-experiential-learning,    2026-07-02
518,https://students.wlu.ca/career-and-experiential-learning/experience-record/assets/experience-guides/lazaridis-school/business-computer-science-laurier.html,career-and-experiential-learning,    2026-07-03
519,https://students.wlu.ca/career-and-experiential-learning/experience-record/assets/experience-guides/lazaridis-school/business-and-math-uw.html,career-and-experiential-learning,    2026-07-03
520,https://students.wlu.ca/career-and-experiential-learning/experience-record/assets/experience-guides/lazaridis-school/business-and-financial-math.html,career-and-experiential-learning,    2026-07-09
521,https://students.wlu.ca/career-and-experiential-learning/experience-record/assets/experience-guides/lazaridis-school/bba.html,career-and-experiential-learning,    2026-07-03
522,https://students.wlu.ca/career-and-experiential-learning/experience-record/assets/experience-guides/liberal-arts/youth-and-childrens-studies.html,career-and-experiential-learning,    2026-07-09
523,https://students.wlu.ca/career-and-experiential-learning/experience-record/assets/experience-guides/liberal-arts/user-experience-design.html,career-and-experiential-learning,    2026-07-03
524,https://students.wlu.ca/career-and-experiential-learning/experience-record/assets/experience-guides/liberal-arts/law-and-society.html,career-and-experiential-learning,    2026-07-03
525,https://students.wlu.ca/career-and-experiential-learning/experience-record/assets/experience-guides/liberal-arts/indigenous-studies.html,career-and-experiential-learning,    2026-07-03
526,https://students.wlu.ca/career-and-experiential-learning/experience-record/assets/experience-guides/liberal-arts/human-rights-and-human-diversity.html,career-and-experiential-learning,    2026-07-29
527,https://students.wlu.ca/career-and-experiential-learning/experience-record/assets/experience-guides/liberal-arts/history-brantford.html,career-and-experiential-learning,    2026-07-29
528,https://students.wlu.ca/career-and-experiential-learning/experience-record/assets/experience-guides/liberal-arts/english-brantford.html,career-and-experiential-learning,    2026-07-03
529,https://students.wlu.ca/career-and-experiential-learning/experience-record/assets/experience-guides/human-and-social-sciences/leadership.html,career-and-experiential-learning,    2026-07-02
530,https://students.wlu.ca/career-and-experiential-learning/experience-record/assets/experience-guides/human-and-social-sciences/health-studies.html,career-and-experiential-learning,    2026-07-02
531,https://students.wlu.ca/career-and-experiential-learning/experience-record/assets/experience-guides/human-and-social-sciences/applied-health-sciences.html,career-and-experiential-learning,    2026-07-09
532,https://students.wlu.ca/career-and-experiential-learning/experience-record/assets/experience-guides/human-and-social-sciences/psychology-brantford.html,career-and-experiential-learning,    2026-07-02
533,https://students.wlu.ca/career-and-experiential-learning/experience-record/assets/experience-guides/human-and-social-sciences/policing.html,career-and-experiential-learning,    2026-07-02
534,https://students.wlu.ca/career-and-experiential-learning/experience-record/assets/experience-guides/human-and-social-sciences/game-design-and-development.html,career-and-experiential-learning,    2026-07-29
535,https://students.wlu.ca/career-and-experiential-learning/experience-record/assets/experience-guides/human-and-social-sciences/criminology.html,career-and-experiential-learning,    2026-07-27
536,https://students.wlu.ca/career-and-experiential-learning/experience-record/assets/experience-guides/music/music-therapy.html,career-and-experiential-learning,    2026-07-03
537,https://students.wlu.ca/career-and-experiential-learning/experience-record/assets/experience-guides/music/music.html,career-and-experiential-learning,    2026-07-03
538,https://students.wlu.ca/career-and-experiential-learning/experience-record/assets/experience-guides/social-work/social-work-bsw.html,career-and-experiential-learning,    2026-07-03
539,https://students.wlu.ca/career-and-experiential-learning/experience-record/assets/experience-guides/luther/christianity-interfaith-dialogue-and-community-engagement.html,career-and-experiential-learning,    2026-07-28
540,https://students.wlu.ca/career-and-experiential-learning/experience-record/experience-guides.html,career-and-experiential-learning,    2026-07-07
541,https://students.wlu.ca/career-and-experiential-learning/experience-record/reflecting-on-your-experiences.html,career-and-experiential-learning,    2023-11-28
542,https://students.wlu.ca/career-and-experiential-learning/experience-record/curricular-experiences.html,career-and-experiential-learning,    2023-12-11
543,https://students.wlu.ca/career-and-experiential-learning/experience-record/on-campus-employment.html,career-and-experiential-learning,    2025-08-19
544,https://students.wlu.ca/career-and-experiential-learning/experience-record/certificates-and-workshop-series/wellness-and-recreation.html,career-and-experiential-learning,    2026-07-07
545,https://students.wlu.ca/career-and-experiential-learning/experience-record/certificates-and-workshop-series/student-life.html,career-and-experiential-learning,    2026-07-07
546,https://students.wlu.ca/career-and-experiential-learning/experience-record/certificates-and-workshop-series/academic-development.html,career-and-experiential-learning,    2026-07-27
547,https://students.wlu.ca/career-and-experiential-learning/experience-record/certificates-and-workshop-series/professional-development.html,career-and-experiential-learning,    2026-07-07
548,https://students.wlu.ca/career-and-experiential-learning/experience-record/certificates-and-workshop-series/career-development.html,career-and-experiential-learning,    2026-07-07
549,https://students.wlu.ca/career-and-experiential-learning/experience-record/certificates-and-workshop-series/index.html,career-and-experiential-learning,    2026-07-07
550,https://students.wlu.ca/career-and-experiential-learning/experience-record/adding-co-curricular-experiences.html,career-and-experiential-learning,    2026-02-10
551,https://students.wlu.ca/career-and-experiential-learning/experience-record/index.html,career-and-experiential-learning,    2026-04-15
552,https://students.wlu.ca/career-and-experiential-learning/entrepreneurship/startup-lab/entrepreneurs.html,career-and-experiential-learning,    2025-12-01
553,https://students.wlu.ca/career-and-experiential-learning/entrepreneurship/startup-lab/mentors.html,career-and-experiential-learning,    2026-06-17
554,https://students.wlu.ca/career-and-experiential-learning/entrepreneurship/startup-lab/index.html,career-and-experiential-learning,    2026-06-17
555,https://students.wlu.ca/career-and-experiential-learning/entrepreneurship/startup-lab/assets/resources/milton.html,career-and-experiential-learning,    2025-09-05
556,https://students.wlu.ca/career-and-experiential-learning/entrepreneurship/startup-lab/assets/resources/brantford.html,career-and-experiential-learning,    2025-09-10
557,https://students.wlu.ca/career-and-experiential-learning/entrepreneurship/startup-lab/assets/resources/waterloo.html,career-and-experiential-learning,    2025-09-05
558,https://students.wlu.ca/career-and-experiential-learning/entrepreneurship/science-maker-lab/staff-and-mentors.html,career-and-experiential-learning,    2021-08-13
559,https://students.wlu.ca/career-and-experiential-learning/entrepreneurship/science-maker-lab/expectations.html,career-and-experiential-learning,    2024-02-01
560,https://students.wlu.ca/career-and-experiential-learning/entrepreneurship/science-maker-lab/equipment.html,career-and-experiential-learning,    2026-05-06
561,https://students.wlu.ca/career-and-experiential-learning/entrepreneurship/science-maker-lab/how-to-apply.html,career-and-experiential-learning,    2024-02-01
562,https://students.wlu.ca/career-and-experiential-learning/entrepreneurship/science-maker-lab/index.html,career-and-experiential-learning,    2024-02-02
563,https://students.wlu.ca/career-and-experiential-learning/entrepreneurship/index.html,career-and-experiential-learning,    2025-12-12
564,https://students.wlu.ca/career-and-experiential-learning/entrepreneurship/assets/resources/sdg-17-partnerships-for-the-goals.html,career-and-experiential-learning,    2026-06-26
565,https://students.wlu.ca/career-and-experiential-learning/entrepreneurship/assets/resources/sdg-16-peace-justice-and-strong-institutions.html,career-and-experiential-learning,    2026-06-05
566,https://students.wlu.ca/career-and-experiential-learning/entrepreneurship/assets/resources/sdg-15-life-on-land.html,career-and-experiential-learning,    2024-09-26
567,https://students.wlu.ca/career-and-experiential-learning/entrepreneurship/assets/resources/sdg-14-life-below-water.html,career-and-experiential-learning,    2026-04-08
568,https://students.wlu.ca/career-and-experiential-learning/entrepreneurship/assets/resources/sdg-12-responsible-consumption-and-production.html,career-and-experiential-learning,    2026-02-26
569,https://students.wlu.ca/career-and-experiential-learning/entrepreneurship/assets/resources/sdg-11-sustainable-cities-and-communities.html,career-and-experiential-learning,    2026-06-26
570,https://students.wlu.ca/career-and-experiential-learning/entrepreneurship/assets/resources/sdg-10-reduced-inequalities.html,career-and-experiential-learning,    2024-09-26
571,https://students.wlu.ca/career-and-experiential-learning/entrepreneurship/assets/resources/sdg-09-industry-innovation-and-infrastructure.html,career-and-experiential-learning,    2026-04-20
572,https://students.wlu.ca/career-and-experiential-learning/entrepreneurship/assets/resources/sdg-08-decent-work-and-economic-growth.html,career-and-experiential-learning,    2025-08-29
573,https://students.wlu.ca/career-and-experiential-learning/entrepreneurship/assets/resources/sdg-07-affordable-and-clean-energy.html,career-and-experiential-learning,    2026-05-22
574,https://students.wlu.ca/career-and-experiential-learning/entrepreneurship/assets/resources/sdg-06-clean-water-and-sanitation.html,career-and-experiential-learning,    2026-05-22
575,https://students.wlu.ca/career-and-experiential-learning/entrepreneurship/assets/resources/sdg-05-gender-equality.html,career-and-experiential-learning,    2026-04-09
576,https://students.wlu.ca/career-and-experiential-learning/entrepreneurship/assets/resources/sdg-04-quality-education.html,career-and-experiential-learning,    2026-06-05
577,https://students.wlu.ca/career-and-experiential-learning/entrepreneurship/assets/resources/sdg-03-good-health-and-wellbeing.html,career-and-experiential-learning,    2026-06-24
578,https://students.wlu.ca/career-and-experiential-learning/entrepreneurship/assets/resources/sdg-02-zero-hunger.html,career-and-experiential-learning,    2026-05-22
579,https://students.wlu.ca/career-and-experiential-learning/entrepreneurship/assets/resources/sdg-01-no-poverty.html,career-and-experiential-learning,    2026-05-22
580,https://students.wlu.ca/career-and-experiential-learning/entrepreneurship/assets/resources/sdg-13-climate-action.html,career-and-experiential-learning,    2026-05-22
581,https://students.wlu.ca/career-and-experiential-learning/entrepreneurship/changemakers-hub/ventures.html,career-and-experiential-learning,    2026-01-15
582,https://students.wlu.ca/career-and-experiential-learning/entrepreneurship/changemakers-hub/index.html,career-and-experiential-learning,    2026-07-02
583,https://students.wlu.ca/career-and-experiential-learning/community-and-workplace-partnerships/staff-listing.html,career-and-experiential-learning,    2026-02-27
584,https://students.wlu.ca/career-and-experiential-learning/community-and-workplace-partnerships/index.html,career-and-experiential-learning,    2026-07-27
585,https://students.wlu.ca/career-and-experiential-learning/community-and-workplace-partnerships/pre-placement-screening.html,career-and-experiential-learning,    2026-06-09
586,https://students.wlu.ca/career-and-experiential-learning/community-and-workplace-partnerships/self-initiated-placements.html,career-and-experiential-learning,    2025-01-14
587,https://students.wlu.ca/career-and-experiential-learning/community-and-workplace-partnerships/workplace-partnerships/courses.html,career-and-experiential-learning,    2021-03-09
588,https://students.wlu.ca/career-and-experiential-learning/community-and-workplace-partnerships/workplace-partnerships/index.html,career-and-experiential-learning,    2021-04-22
589,https://students.wlu.ca/career-and-experiential-learning/community-and-workplace-partnerships/community-service-learning/courses.html,career-and-experiential-learning,    2026-07-20
590,https://students.wlu.ca/career-and-experiential-learning/community-and-workplace-partnerships/community-service-learning/index.html,career-and-experiential-learning,    2026-05-21
591,https://students.wlu.ca/career-and-experiential-learning/co-op/staff-listing.html,career-and-experiential-learning,    2026-04-23
592,https://students.wlu.ca/career-and-experiential-learning/co-op/awards.html,career-and-experiential-learning,    2026-03-26
593,https://students.wlu.ca/career-and-experiential-learning/co-op/fees/refunds.html,career-and-experiential-learning,    2026-06-23
594,https://students.wlu.ca/career-and-experiential-learning/co-op/fees/index.html,career-and-experiential-learning,    2026-06-23
595,https://students.wlu.ca/career-and-experiential-learning/co-op/academic-credit.html,career-and-experiential-learning,    2023-06-20
596,https://students.wlu.ca/career-and-experiential-learning/co-op/recruiting-and-work-term-dates.html,career-and-experiential-learning,    2026-07-08
597,https://students.wlu.ca/career-and-experiential-learning/co-op/admission-conditions.html,career-and-experiential-learning,    2026-07-23
598,https://students.wlu.ca/career-and-experiential-learning/co-op/applying-to-co-op/co-op-application-faqs.html,career-and-experiential-learning,    2026-04-02
599,https://students.wlu.ca/career-and-experiential-learning/co-op/applying-to-co-op/work-study-sequences.html,career-and-experiential-learning,    2026-03-04
600,https://students.wlu.ca/career-and-experiential-learning/co-op/applying-to-co-op/index.html,career-and-experiential-learning,    2026-07-02
601,https://students.wlu.ca/career-and-experiential-learning/co-op/applying-to-co-op/step-3-admission-to-co-op.html,career-and-experiential-learning,    2026-07-02
602,https://students.wlu.ca/career-and-experiential-learning/co-op/applying-to-co-op/step-2-application-review.html,career-and-experiential-learning,    2026-07-02
603,https://students.wlu.ca/career-and-experiential-learning/co-op/applying-to-co-op/step-1-applying-on-navigator.html,career-and-experiential-learning,    2026-07-02
604,https://students.wlu.ca/career-and-experiential-learning/co-op/applying-to-co-op/admission-requirements.html,career-and-experiential-learning,    2026-06-10
605,https://students.wlu.ca/career-and-experiential-learning/co-op/index.html,career-and-experiential-learning,    2026-04-02
606,https://students.wlu.ca/career-and-experiential-learning/co-op/assets/resources/faculty-of-arts-direct-entry-to-co-op-faq.html,career-and-experiential-learning,    2026-03-06
607,https://students.wlu.ca/career-and-experiential-learning/co-op/assets/resources/co-op-peer-program.html,career-and-experiential-learning,    2026-05-06
608,https://students.wlu.ca/career-and-experiential-learning/co-op/assets/resources/ux-introductory-statement.html,career-and-experiential-learning,    2026-04-02
609,https://students.wlu.ca/career-and-experiential-learning/co-op/assets/resources/arts-science-introductory-statement-and-form.html,career-and-experiential-learning,    2026-04-02
610,https://students.wlu.ca/career-and-experiential-learning/co-op/assets/resources/business-introductory-statement-and-form.html,career-and-experiential-learning,    2026-04-02
611,https://students.wlu.ca/career-and-experiential-learning/co-op/assets/resources/resume-examples.html,career-and-experiential-learning,    2026-04-06
612,https://students.wlu.ca/career-and-experiential-learning/co-op/assets/resources/accepting-applications-to-co-op.html,career-and-experiential-learning,    2026-03-04
613,https://students.wlu.ca/career-and-experiential-learning/co-op/assets/resources/grade-requirements/business-technology-management-grade-requirements-as-of-fall-2026-co-op-admissions.html,career-and-experiential-learning,    2026-06-10
614,https://students.wlu.ca/career-and-experiential-learning/co-op/assets/resources/grade-requirements/geography-co-op-grade-requirements.html,career-and-experiential-learning,    2026-03-04
615,https://students.wlu.ca/career-and-experiential-learning/co-op/assets/resources/grade-requirements/international-baccalaureate-ib-and-advanced-placement-ap.html,career-and-experiential-learning,    2025-03-04
616,https://students.wlu.ca/career-and-experiential-learning/co-op/assets/resources/grade-requirements/transfer-students.html,career-and-experiential-learning,    2026-04-15
617,https://students.wlu.ca/career-and-experiential-learning/co-op/assets/resources/grade-requirements/international-students.html,career-and-experiential-learning,    2026-03-04
618,https://students.wlu.ca/career-and-experiential-learning/co-op/assets/resources/grade-requirements/faculty-of-science-co-op-grade-requirements.html,career-and-experiential-learning,    2026-03-04
619,https://students.wlu.ca/career-and-experiential-learning/co-op/assets/resources/grade-requirements/faculty-of-arts-co-op-grade-requirements.html,career-and-experiential-learning,    2026-03-04
620,https://students.wlu.ca/career-and-experiential-learning/co-op/assets/resources/grade-requirements/courses-taken-after-the-winter-term-considerations.html,career-and-experiential-learning,    2025-12-17
621,https://students.wlu.ca/career-and-experiential-learning/co-op/assets/resources/grade-requirements/user-experience-design-grade-requirements.html,career-and-experiential-learning,    2026-03-04
622,https://students.wlu.ca/career-and-experiential-learning/co-op/assets/resources/grade-requirements/professional-experience-program-grade-requirements.html,career-and-experiential-learning,    2026-05-29
623,https://students.wlu.ca/career-and-experiential-learning/co-op/assets/resources/grade-requirements/data-science-grade-requirements.html,career-and-experiential-learning,    2026-03-04
624,https://students.wlu.ca/career-and-experiential-learning/co-op/assets/resources/grade-requirements/computer-science-grade-requirements.html,career-and-experiential-learning,    2026-06-10
625,https://students.wlu.ca/career-and-experiential-learning/co-op/assets/resources/grade-requirements/applied-water-science-grade-requirements.html,career-and-experiential-learning,    2024-12-17
626,https://students.wlu.ca/career-and-experiential-learning/co-op/assets/resources/grade-requirements/business-and-economics-grade-requirements.html,career-and-experiential-learning,    2026-06-10
627,https://students.wlu.ca/career-and-experiential-learning/co-op/assets/resources/grade-requirements/arts-and-science-grade-requirements.html,career-and-experiential-learning,    2025-09-08
628,"https://students.wlu.ca/career-and-experiential-learning/co-op/assets/resources/notice-of-admission-decisions,-feedback-and-appeals.html",career-and-experiential-learning,    2022-10-18
629,https://students.wlu.ca/career-and-experiential-learning/co-op/assets/resources/bba-sequence-options.html,career-and-experiential-learning,    2026-04-02
630,https://students.wlu.ca/career-and-experiential-learning/co-op/programs/science.html,career-and-experiential-learning,    2025-12-09
631,https://students.wlu.ca/career-and-experiential-learning/co-op/programs/liberal-arts.html,career-and-experiential-learning,    2025-11-05
632,https://students.wlu.ca/career-and-experiential-learning/co-op/programs/graduate-programs.html,career-and-experiential-learning,    2025-11-05
633,https://students.wlu.ca/career-and-experiential-learning/co-op/programs/double-degree.html,career-and-experiential-learning,    2025-08-01
634,https://students.wlu.ca/career-and-experiential-learning/co-op/programs/index.html,career-and-experiential-learning,    2025-09-08
635,https://students.wlu.ca/career-and-experiential-learning/co-op/programs/business-and-economics.html,career-and-experiential-learning,    2025-11-05
636,https://students.wlu.ca/career-and-experiential-learning/co-op/programs/arts.html,career-and-experiential-learning,    2025-12-09
637,https://students.wlu.ca/career-and-experiential-learning/career-and-employment-support/locations-and-contacts.html,career-and-experiential-learning,    2026-07-24
638,https://students.wlu.ca/career-and-experiential-learning/career-and-employment-support/index.html,career-and-experiential-learning,    2026-07-28
639,https://students.wlu.ca/career-and-experiential-learning/career-and-employment-support/assets/resources/career-discovery-program-for-black-and-racialized-students.html,career-and-experiential-learning,    2025-12-18
640,https://students.wlu.ca/career-and-experiential-learning/career-and-employment-support/assets/resources/resume-tips-formatting.html,career-and-experiential-learning,    2024-02-21
641,https://students.wlu.ca/career-and-experiential-learning/career-and-employment-support/assets/resources/resume-tips-summarizing-your-qualifications.html,career-and-experiential-learning,    2024-02-21
642,https://students.wlu.ca/career-and-experiential-learning/career-and-employment-support/assets/resources/resume-tips-objective-statements-and-profiles.html,career-and-experiential-learning,    2024-02-21
643,https://students.wlu.ca/career-and-experiential-learning/career-and-employment-support/assets/resources/know-your-rights.html,career-and-experiential-learning,    2023-04-12
644,https://students.wlu.ca/career-and-experiential-learning/career-and-employment-support/assets/resources/employment-preparation/job-hunting-faq-guide-to-a-safer-job-search.html,career-and-experiential-learning,    2025-09-11
645,https://students.wlu.ca/career-and-experiential-learning/career-and-employment-support/assets/resources/employment-preparation/looking-for-part-time-and-summer-jobs.html,career-and-experiential-learning,    2025-09-11
646,https://students.wlu.ca/career-and-experiential-learning/career-and-employment-support/assets/resources/employment-preparation/how-to-maximize-your-job-search.html,career-and-experiential-learning,    2026-03-26
647,https://students.wlu.ca/career-and-experiential-learning/career-and-employment-support/assets/resources/employment-preparation/networking-101.html,career-and-experiential-learning,    2025-04-10
648,https://students.wlu.ca/career-and-experiential-learning/career-and-employment-support/assets/resources/employment-preparation/your-job-search-checklist.html,career-and-experiential-learning,    2026-05-07
649,https://students.wlu.ca/career-and-experiential-learning/career-and-employment-support/assets/resources/employment-preparation/cover-letter-writing.html,career-and-experiential-learning,    2024-02-21
650,https://students.wlu.ca/career-and-experiential-learning/career-and-employment-support/assets/resources/employment-preparation/employment-fraud.html,career-and-experiential-learning,    2023-04-11
651,"https://students.wlu.ca/career-and-experiential-learning/career-and-employment-support/assets/resources/employment-preparation/top-five-things-to-do-now-to-prepare-for-grad-programs-in-counselling,-social-work-and-mental-health.html",career-and-experiential-learning,    2021-11-12
652,https://students.wlu.ca/career-and-experiential-learning/career-and-employment-support/assets/resources/employment-preparation/top-five-things-to-do-now-to-prepare-for-teacher-education-programs.html,career-and-experiential-learning,    2022-08-29
653,https://students.wlu.ca/career-and-experiential-learning/career-and-employment-support/assets/resources/employment-preparation/top-five-things-to-do-now-to-prepare-for-law-school.html,career-and-experiential-learning,    2021-11-12
654,https://students.wlu.ca/career-and-experiential-learning/career-and-employment-support/assets/resources/employment-preparation/top-five-things-to-do-now-to-prepare-for-medical-school.html,career-and-experiential-learning,    2021-11-12
655,https://students.wlu.ca/career-and-experiential-learning/career-and-employment-support/assets/resources/career-profiles/communications/communications-manager-omers.html,career-and-experiential-learning,    2024-08-08
656,https://students.wlu.ca/career-and-experiential-learning/career-and-employment-support/assets/resources/career-profiles/communications/buyer.html,career-and-experiential-learning,    2026-05-26
657,https://students.wlu.ca/career-and-experiential-learning/career-and-employment-support/assets/resources/career-profiles/communications/digital-community-manager.html,career-and-experiential-learning,    2024-08-09
658,https://students.wlu.ca/career-and-experiential-learning/career-and-employment-support/assets/resources/career-profiles/communications/technical-writer.html,career-and-experiential-learning,    2024-08-12
659,https://students.wlu.ca/career-and-experiential-learning/career-and-employment-support/assets/resources/career-profiles/communications/copywriter.html,career-and-experiential-learning,    2024-08-08
660,https://students.wlu.ca/career-and-experiential-learning/career-and-employment-support/assets/resources/career-profiles/communications/communications-specialist-communication-studies.html,career-and-experiential-learning,    2024-08-08
661,https://students.wlu.ca/career-and-experiential-learning/career-and-employment-support/assets/resources/career-profiles/communications/video-editor-videographer.html,career-and-experiential-learning,    2024-08-12
662,https://students.wlu.ca/career-and-experiential-learning/career-and-employment-support/assets/resources/career-profiles/communications/vice-president-public-relations.html,career-and-experiential-learning,    2024-08-12
663,https://students.wlu.ca/career-and-experiential-learning/career-and-employment-support/assets/resources/career-profiles/communications/social-media-content-strategist.html,career-and-experiential-learning,    2024-08-12
664,https://students.wlu.ca/career-and-experiential-learning/career-and-employment-support/assets/resources/career-profiles/communications/publicist.html,career-and-experiential-learning,    2024-08-12
665,https://students.wlu.ca/career-and-experiential-learning/career-and-employment-support/assets/resources/career-profiles/communications/marketing-communications-coordinator.html,career-and-experiential-learning,    2024-08-12
666,https://students.wlu.ca/career-and-experiential-learning/career-and-employment-support/assets/resources/career-profiles/communications/journalist-reporter.html,career-and-experiential-learning,    2024-08-12
667,https://students.wlu.ca/career-and-experiential-learning/career-and-employment-support/assets/resources/career-profiles/communications/entrepreneur-advertising.html,career-and-experiential-learning,    2024-08-12
668,https://students.wlu.ca/career-and-experiential-learning/career-and-employment-support/assets/resources/career-profiles/communications/director-of-knowledge.html,career-and-experiential-learning,    2024-08-23
669,https://students.wlu.ca/career-and-experiential-learning/career-and-employment-support/assets/resources/career-profiles/communications/director-of-communications-and-marketing.html,career-and-experiential-learning,    2026-04-28
670,https://students.wlu.ca/career-and-experiential-learning/career-and-employment-support/assets/resources/career-profiles/communications/corporate-communications-manager.html,career-and-experiential-learning,    2024-08-09
671,https://students.wlu.ca/career-and-experiential-learning/career-and-employment-support/assets/resources/career-profiles/communications/coordinator-first-nations-and-metis-relations.html,career-and-experiential-learning,    2024-08-26
672,https://students.wlu.ca/career-and-experiential-learning/career-and-employment-support/assets/resources/career-profiles/communications/communications-specialist-design-and-web.html,career-and-experiential-learning,    2024-08-08
673,https://students.wlu.ca/career-and-experiential-learning/career-and-employment-support/assets/resources/career-profiles/communications/communications-manager.html,career-and-experiential-learning,    2024-08-08
674,https://students.wlu.ca/career-and-experiential-learning/career-and-employment-support/assets/resources/career-profiles/communications/coordinator-fund-development.html,career-and-experiential-learning,    2024-08-08
675,https://students.wlu.ca/career-and-experiential-learning/career-and-employment-support/assets/resources/career-profiles/communications/chapter-development-coordinator.html,career-and-experiential-learning,    2024-08-08
676,https://students.wlu.ca/career-and-experiential-learning/career-and-employment-support/assets/resources/career-profiles/consulting/senior-consultant-sustainability.html,career-and-experiential-learning,    2026-04-14
677,https://students.wlu.ca/career-and-experiential-learning/career-and-employment-support/assets/resources/career-profiles/consulting/associate-manager-and-engagement-lead.html,career-and-experiential-learning,    2024-08-12
678,https://students.wlu.ca/career-and-experiential-learning/career-and-employment-support/assets/resources/career-profiles/consulting/management-consultant.html,career-and-experiential-learning,    2024-08-12
679,https://students.wlu.ca/career-and-experiential-learning/career-and-employment-support/assets/resources/career-profiles/consulting/senior-consultant-advisory-services.html,career-and-experiential-learning,    2018-07-19
680,https://students.wlu.ca/career-and-experiential-learning/career-and-employment-support/assets/resources/career-profiles/consulting/chapter-development-coordinator.html,career-and-experiential-learning,    2019-03-21
681,https://students.wlu.ca/career-and-experiential-learning/career-and-employment-support/assets/resources/career-profiles/consulting/psychoeducational-consulting.html,career-and-experiential-learning,    2025-04-17
682,https://students.wlu.ca/career-and-experiential-learning/career-and-employment-support/assets/resources/career-profiles/consulting/gis-analyst.html,career-and-experiential-learning,    2024-08-12
683,https://students.wlu.ca/career-and-experiential-learning/career-and-employment-support/assets/resources/career-profiles/consulting/environmental-health-and-safety-consultant.html,career-and-experiential-learning,    2024-08-12
684,https://students.wlu.ca/career-and-experiential-learning/career-and-employment-support/assets/resources/career-profiles/consulting/consultant-sustainable-food-farming-and-environment.html,career-and-experiential-learning,    2024-08-12
685,https://students.wlu.ca/career-and-experiential-learning/career-and-employment-support/assets/resources/career-profiles/consulting/consultant-chief-insight-officer.html,career-and-experiential-learning,    2024-08-12
686,https://students.wlu.ca/career-and-experiential-learning/career-and-employment-support/assets/resources/career-profiles/consulting/behavioural-consultant.html,career-and-experiential-learning,    2024-08-12
687,https://students.wlu.ca/career-and-experiential-learning/career-and-employment-support/assets/resources/career-profiles/customer-service/supervisor-customer-relationship-retail-banking-contact-centre.html,career-and-experiential-learning,    2024-08-12
688,https://students.wlu.ca/career-and-experiential-learning/career-and-employment-support/assets/resources/career-profiles/education/instructional-designer.html,career-and-experiential-learning,    2024-05-21
689,https://students.wlu.ca/career-and-experiential-learning/career-and-employment-support/assets/resources/career-profiles/education/cooperative-education-consultant.html,career-and-experiential-learning,    2024-02-26
690,https://students.wlu.ca/career-and-experiential-learning/career-and-employment-support/assets/resources/career-profiles/education/coordinator-of-career-services.html,career-and-experiential-learning,    2026-03-27
691,"https://students.wlu.ca/career-and-experiential-learning/career-and-employment-support/assets/resources/career-profiles/education/co-ordinator,-off-campus-first-year-initiatives.html",career-and-experiential-learning,    2024-08-12
692,https://students.wlu.ca/career-and-experiential-learning/career-and-employment-support/assets/resources/career-profiles/education/community-manager.html,career-and-experiential-learning,    2024-08-12
693,https://students.wlu.ca/career-and-experiential-learning/career-and-employment-support/assets/resources/career-profiles/education/equity-and-inclusion-officer.html,career-and-experiential-learning,    2025-04-17
694,https://students.wlu.ca/career-and-experiential-learning/career-and-employment-support/assets/resources/career-profiles/education/psychoeducational-consulting.html,career-and-experiential-learning,    2018-05-14
695,https://students.wlu.ca/career-and-experiential-learning/career-and-employment-support/assets/resources/career-profiles/education/area-learning-and-development-manager.html,career-and-experiential-learning,    2024-08-12
696,https://students.wlu.ca/career-and-experiential-learning/career-and-employment-support/assets/resources/career-profiles/education/principal.html,career-and-experiential-learning,    2024-08-21
697,https://students.wlu.ca/career-and-experiential-learning/career-and-employment-support/assets/resources/career-profiles/education/manager-learning-services.html,career-and-experiential-learning,    2024-08-20
698,https://students.wlu.ca/career-and-experiential-learning/career-and-employment-support/assets/resources/career-profiles/education/music-educator.html,career-and-experiential-learning,    2024-08-21
699,https://students.wlu.ca/career-and-experiential-learning/career-and-employment-support/assets/resources/career-profiles/education/information-services-electronic-collections-librarian.html,career-and-experiential-learning,    2024-08-20
700,https://students.wlu.ca/career-and-experiential-learning/career-and-employment-support/assets/resources/career-profiles/education/high-school-teacher.html,career-and-experiential-learning,    2024-08-20
701,https://students.wlu.ca/career-and-experiential-learning/career-and-employment-support/assets/resources/career-profiles/education/faculty-member.html,career-and-experiential-learning,    2024-08-20
702,https://students.wlu.ca/career-and-experiential-learning/career-and-employment-support/assets/resources/career-profiles/education/educator.html,career-and-experiential-learning,    2024-08-20
703,https://students.wlu.ca/career-and-experiential-learning/career-and-employment-support/assets/resources/career-profiles/education/associate-professor.html,career-and-experiential-learning,    2024-08-12
704,https://students.wlu.ca/career-and-experiential-learning/career-and-employment-support/assets/resources/career-profiles/education/assistant-professor-program-coordinator.html,career-and-experiential-learning,    2024-08-12
705,https://students.wlu.ca/career-and-experiential-learning/career-and-employment-support/assets/resources/career-profiles/education/indigenous-student-recruitment-and-retention-officer.html,career-and-experiential-learning,    2024-08-20
706,https://students.wlu.ca/career-and-experiential-learning/career-and-employment-support/assets/resources/career-profiles/entrepreneurship-self-employment/entrepreneur-sustainability.html,career-and-experiential-learning,    2024-08-21
707,"https://students.wlu.ca/career-and-experiential-learning/career-and-employment-support/assets/resources/career-profiles/entrepreneurship-self-employment/entrepreneur,-entertainment.html",career-and-experiential-learning,    2024-08-21
708,https://students.wlu.ca/career-and-experiential-learning/career-and-employment-support/assets/resources/career-profiles/entrepreneurship-self-employment/entrepreneur-advertising.html,career-and-experiential-learning,    2018-05-14
709,https://students.wlu.ca/career-and-experiential-learning/career-and-employment-support/assets/resources/career-profiles/entrepreneurship-self-employment/psychoeducational-consulting.html,career-and-experiential-learning,    2018-05-14
710,https://students.wlu.ca/career-and-experiential-learning/career-and-employment-support/assets/resources/career-profiles/entrepreneurship-self-employment/general-manager-co-owner.html,career-and-experiential-learning,    2024-08-21
711,https://students.wlu.ca/career-and-experiential-learning/career-and-employment-support/assets/resources/career-profiles/entrepreneurship-self-employment/small-business-owner-accuscreen.html,career-and-experiential-learning,    2024-08-21
712,https://students.wlu.ca/career-and-experiential-learning/career-and-employment-support/assets/resources/career-profiles/entrepreneurship-self-employment/green-marketing.html,career-and-experiential-learning,    2024-08-21
713,https://students.wlu.ca/career-and-experiential-learning/career-and-employment-support/assets/resources/career-profiles/entrepreneurship-self-employment/entrepreneur-president.html,career-and-experiential-learning,    2024-08-21
714,https://students.wlu.ca/career-and-experiential-learning/career-and-employment-support/assets/resources/career-profiles/entrepreneurship-self-employment/consultant-chief-insight-officer.html,career-and-experiential-learning,    2018-05-14
715,https://students.wlu.ca/career-and-experiential-learning/career-and-employment-support/assets/resources/career-profiles/entrepreneurship-self-employment/entrepreneur-vice-president-co-owner.html,career-and-experiential-learning,    2024-08-21
716,https://students.wlu.ca/career-and-experiential-learning/career-and-employment-support/assets/resources/career-profiles/event-planning-and-fundraising/coordinator-of-career-services-and-career-fairs.html,career-and-experiential-learning,    2021-02-01
717,https://students.wlu.ca/career-and-experiential-learning/career-and-employment-support/assets/resources/career-profiles/event-planning-and-fundraising/event-and-production-manager.html,career-and-experiential-learning,    2024-08-21
718,https://students.wlu.ca/career-and-experiential-learning/career-and-employment-support/assets/resources/career-profiles/event-planning-and-fundraising/coordinator-fund-development.html,career-and-experiential-learning,    2018-05-14
719,https://students.wlu.ca/career-and-experiential-learning/career-and-employment-support/assets/resources/career-profiles/event-planning-and-fundraising/chapter-development-coordinator.html,career-and-experiential-learning,    2018-05-14
720,https://students.wlu.ca/career-and-experiential-learning/career-and-employment-support/assets/resources/career-profiles/event-planning-and-fundraising/fundraising-and-market-account-executive.html,career-and-experiential-learning,    2025-04-17
721,https://students.wlu.ca/career-and-experiential-learning/career-and-employment-support/assets/resources/career-profiles/event-planning-and-fundraising/events-manager.html,career-and-experiential-learning,    2024-08-21
722,https://students.wlu.ca/career-and-experiential-learning/career-and-employment-support/assets/resources/career-profiles/finance-and-accounting/corporate-debt-strategist.html,career-and-experiential-learning,    2026-06-10
723,"https://students.wlu.ca/career-and-experiential-learning/career-and-employment-support/assets/resources/career-profiles/finance-and-accounting/vice-president,-financial-planning-and-analysis.html",career-and-experiential-learning,    2024-08-21
724,https://students.wlu.ca/career-and-experiential-learning/career-and-employment-support/assets/resources/career-profiles/finance-and-accounting/vice-president-finance.html,career-and-experiential-learning,    2024-08-21
725,https://students.wlu.ca/career-and-experiential-learning/career-and-employment-support/assets/resources/career-profiles/finance-and-accounting/technical-migration-manager.html,career-and-experiential-learning,    2025-04-29
726,https://students.wlu.ca/career-and-experiential-learning/career-and-employment-support/assets/resources/career-profiles/finance-and-accounting/supervisor-customer-relationship-and-retail-banking-contact-centre.html,career-and-experiential-learning,    2018-05-14
727,https://students.wlu.ca/career-and-experiential-learning/career-and-employment-support/assets/resources/career-profiles/finance-and-accounting/staff-accountant.html,career-and-experiential-learning,    2024-08-21
728,https://students.wlu.ca/career-and-experiential-learning/career-and-employment-support/assets/resources/career-profiles/finance-and-accounting/senior-financial-analyst.html,career-and-experiential-learning,    2024-08-21
729,https://students.wlu.ca/career-and-experiential-learning/career-and-employment-support/assets/resources/career-profiles/finance-and-accounting/senior-consultant-advisory-services.html,career-and-experiential-learning,    2024-08-21
730,https://students.wlu.ca/career-and-experiential-learning/career-and-employment-support/assets/resources/career-profiles/finance-and-accounting/policy-and-research-manager.html,career-and-experiential-learning,    2025-04-14
731,https://students.wlu.ca/career-and-experiential-learning/career-and-employment-support/assets/resources/career-profiles/finance-and-accounting/minister-of-finance-of-ontario.html,career-and-experiential-learning,    2024-08-21
732,https://students.wlu.ca/career-and-experiential-learning/career-and-employment-support/assets/resources/career-profiles/finance-and-accounting/licensed-insolvency-trustee.html,career-and-experiential-learning,    2024-08-21
733,https://students.wlu.ca/career-and-experiential-learning/career-and-employment-support/assets/resources/career-profiles/finance-and-accounting/investment-banker.html,career-and-experiential-learning,    2024-08-21
734,https://students.wlu.ca/career-and-experiential-learning/career-and-employment-support/assets/resources/career-profiles/finance-and-accounting/income-tax-division-manager.html,career-and-experiential-learning,    2024-08-21
735,https://students.wlu.ca/career-and-experiential-learning/career-and-employment-support/assets/resources/career-profiles/finance-and-accounting/forensic-accountant.html,career-and-experiential-learning,    2024-08-21
736,https://students.wlu.ca/career-and-experiential-learning/career-and-employment-support/assets/resources/career-profiles/finance-and-accounting/financial-planner.html,career-and-experiential-learning,    2024-08-21
737,https://students.wlu.ca/career-and-experiential-learning/career-and-employment-support/assets/resources/career-profiles/finance-and-accounting/financial-analyst-2.html,career-and-experiential-learning,    2024-08-07
738,https://students.wlu.ca/career-and-experiential-learning/career-and-employment-support/assets/resources/career-profiles/finance-and-accounting/financial-analyst.html,career-and-experiential-learning,    2024-08-21
739,https://students.wlu.ca/career-and-experiential-learning/career-and-employment-support/assets/resources/career-profiles/finance-and-accounting/equity-research-associate.html,career-and-experiential-learning,    2024-08-21
740,https://students.wlu.ca/career-and-experiential-learning/career-and-employment-support/assets/resources/career-profiles/finance-and-accounting/district-controller.html,career-and-experiential-learning,    2024-08-21
741,https://students.wlu.ca/career-and-experiential-learning/career-and-employment-support/assets/resources/career-profiles/finance-and-accounting/director-of-product-development.html,career-and-experiential-learning,    2024-08-21
742,https://students.wlu.ca/career-and-experiential-learning/career-and-employment-support/assets/resources/career-profiles/finance-and-accounting/branch-administrator.html,career-and-experiential-learning,    2018-05-14
743,https://students.wlu.ca/career-and-experiential-learning/career-and-employment-support/assets/resources/career-profiles/finance-and-accounting/branch-administrator1.html,career-and-experiential-learning,    2024-08-21
744,https://students.wlu.ca/career-and-experiential-learning/career-and-employment-support/assets/resources/career-profiles/government/policy-and-research-manager.html,career-and-experiential-learning,    2025-04-14
745,https://students.wlu.ca/career-and-experiential-learning/career-and-employment-support/assets/resources/career-profiles/government/senior-policy-analyst.html,career-and-experiential-learning,    2024-08-21
746,https://students.wlu.ca/career-and-experiential-learning/career-and-employment-support/assets/resources/career-profiles/government/social-planner.html,career-and-experiential-learning,    2024-08-21
747,https://students.wlu.ca/career-and-experiential-learning/career-and-employment-support/assets/resources/career-profiles/government/project-coordinator-organizational-performance.html,career-and-experiential-learning,    2024-08-21
748,https://students.wlu.ca/career-and-experiential-learning/career-and-employment-support/assets/resources/career-profiles/government/minister-of-finance-of-ontario.html,career-and-experiential-learning,    2018-05-14
749,https://students.wlu.ca/career-and-experiential-learning/career-and-employment-support/assets/resources/career-profiles/government/city-councillor-kitchener.html,career-and-experiential-learning,    2024-08-21
750,https://students.wlu.ca/career-and-experiential-learning/career-and-employment-support/assets/resources/career-profiles/health/audiologist.html,career-and-experiential-learning,    2026-04-20
751,https://students.wlu.ca/career-and-experiential-learning/career-and-employment-support/assets/resources/career-profiles/health/mri-technologist.html,career-and-experiential-learning,    2026-03-27
752,https://students.wlu.ca/career-and-experiential-learning/career-and-employment-support/assets/resources/career-profiles/health/ultrasound-technician.html,career-and-experiential-learning,    2026-03-27
753,https://students.wlu.ca/career-and-experiential-learning/career-and-employment-support/assets/resources/career-profiles/health/speech-language-pathologist.html,career-and-experiential-learning,    2025-04-17
754,https://students.wlu.ca/career-and-experiential-learning/career-and-employment-support/assets/resources/career-profiles/health/senior-compliance-officer-food-safety.html,career-and-experiential-learning,    2024-08-21
755,https://students.wlu.ca/career-and-experiential-learning/career-and-employment-support/assets/resources/career-profiles/health/resident-physician.html,career-and-experiential-learning,    2025-03-20
756,https://students.wlu.ca/career-and-experiential-learning/career-and-employment-support/assets/resources/career-profiles/health/research-assistant.html,career-and-experiential-learning,    2024-08-21
757,https://students.wlu.ca/career-and-experiential-learning/career-and-employment-support/assets/resources/career-profiles/health/registered-dietitian.html,career-and-experiential-learning,    2024-08-21
758,https://students.wlu.ca/career-and-experiential-learning/career-and-employment-support/assets/resources/career-profiles/health/recreational-therapist.html,career-and-experiential-learning,    2024-08-21
759,https://students.wlu.ca/career-and-experiential-learning/career-and-employment-support/assets/resources/career-profiles/health/public-health-planner.html,career-and-experiential-learning,    2024-08-21
760,"https://students.wlu.ca/career-and-experiential-learning/career-and-employment-support/assets/resources/career-profiles/health/project-manager,-kingston-health-sciences-centre.html",career-and-experiential-learning,    2024-08-21
761,https://students.wlu.ca/career-and-experiential-learning/career-and-employment-support/assets/resources/career-profiles/health/occupational-therapist-phd.html,career-and-experiential-learning,    2024-08-21
762,https://students.wlu.ca/career-and-experiential-learning/career-and-employment-support/assets/resources/career-profiles/health/occupational-therapist.html,career-and-experiential-learning,    2024-08-21
763,https://students.wlu.ca/career-and-experiential-learning/career-and-employment-support/assets/resources/career-profiles/health/naturopathic-doctor.html,career-and-experiential-learning,    2024-08-21
764,"https://students.wlu.ca/career-and-experiential-learning/career-and-employment-support/assets/resources/career-profiles/health/manager-of-patient-relations-and-patient-experience-social-work,-msw.html",career-and-experiential-learning,    2024-08-21
765,https://students.wlu.ca/career-and-experiential-learning/career-and-employment-support/assets/resources/career-profiles/health/health-informatics-technologist.html,career-and-experiential-learning,    2024-08-21
766,https://students.wlu.ca/career-and-experiential-learning/career-and-employment-support/assets/resources/career-profiles/health/health-analyst-junior-epidemiologist.html,career-and-experiential-learning,    2024-08-21
767,https://students.wlu.ca/career-and-experiential-learning/career-and-employment-support/assets/resources/career-profiles/health/emergency-physician-assistant.html,career-and-experiential-learning,    2024-04-23
768,https://students.wlu.ca/career-and-experiential-learning/career-and-employment-support/assets/resources/career-profiles/health/clinical-oncology-pharmacist.html,career-and-experiential-learning,    2026-03-27
769,https://students.wlu.ca/career-and-experiential-learning/career-and-employment-support/assets/resources/career-profiles/health/clinical-navigator-occupational-therapist.html,career-and-experiential-learning,    2024-04-10
770,https://students.wlu.ca/career-and-experiential-learning/career-and-employment-support/assets/resources/career-profiles/health/child-life-specialist.html,career-and-experiential-learning,    2024-08-21
771,https://students.wlu.ca/career-and-experiential-learning/career-and-employment-support/assets/resources/career-profiles/human-resources/compensation-partner-manager.html,career-and-experiential-learning,    2026-04-27
772,https://students.wlu.ca/career-and-experiential-learning/career-and-employment-support/assets/resources/career-profiles/human-resources/senior-talent-acquisition-partner.html,career-and-experiential-learning,    2025-03-10
773,https://students.wlu.ca/career-and-experiential-learning/career-and-employment-support/assets/resources/career-profiles/human-resources/recruiting-consultant.html,career-and-experiential-learning,    2024-08-21
774,"https://students.wlu.ca/career-and-experiential-learning/career-and-employment-support/assets/resources/career-profiles/human-resources/jr.-campus-recruiter-technology,-operations-and-corporate-areas.html",career-and-experiential-learning,    2024-08-21
775,https://students.wlu.ca/career-and-experiential-learning/career-and-employment-support/assets/resources/career-profiles/human-resources/indigenous-students-recruitment-and-retention-officer.html,career-and-experiential-learning,    2018-05-14
776,https://students.wlu.ca/career-and-experiential-learning/career-and-employment-support/assets/resources/career-profiles/human-resources/human-resources-reporting-and-analytics-specialist.html,career-and-experiential-learning,    2024-08-21
777,https://students.wlu.ca/career-and-experiential-learning/career-and-employment-support/assets/resources/career-profiles/human-resources/human-resources-manager.html,career-and-experiential-learning,    2024-08-21
778,https://students.wlu.ca/career-and-experiential-learning/career-and-employment-support/assets/resources/career-profiles/human-resources/human-resources-coordinator.html,career-and-experiential-learning,    2024-08-21
779,https://students.wlu.ca/career-and-experiential-learning/career-and-employment-support/assets/resources/career-profiles/human-resources/chief-human-resources-officer.html,career-and-experiential-learning,    2024-08-21
780,https://students.wlu.ca/career-and-experiential-learning/career-and-employment-support/assets/resources/career-profiles/human-resources/area-learning-and-development-manager.html,career-and-experiential-learning,    2018-07-26
781,https://students.wlu.ca/career-and-experiential-learning/career-and-employment-support/assets/resources/career-profiles/law/general-counsel.html,career-and-experiential-learning,    2025-07-23
782,https://students.wlu.ca/career-and-experiential-learning/career-and-employment-support/assets/resources/career-profiles/law/senior-paralegal-immigration-law.html,career-and-experiential-learning,    2024-08-21
783,https://students.wlu.ca/career-and-experiential-learning/career-and-employment-support/assets/resources/career-profiles/law/personal-injury-lawyer.html,career-and-experiential-learning,    2024-08-21
784,https://students.wlu.ca/career-and-experiential-learning/career-and-employment-support/assets/resources/career-profiles/law/judicial-law-clerk.html,career-and-experiential-learning,    2025-06-03
785,https://students.wlu.ca/career-and-experiential-learning/career-and-employment-support/assets/resources/career-profiles/law/legal-counsel.html,career-and-experiential-learning,    2024-08-21
786,https://students.wlu.ca/career-and-experiential-learning/career-and-employment-support/assets/resources/career-profiles/law/director-of-policy-and-practice.html,career-and-experiential-learning,    2024-08-21
787,https://students.wlu.ca/career-and-experiential-learning/career-and-employment-support/assets/resources/career-profiles/law/criminal-defence-lawyer.html,career-and-experiential-learning,    2025-04-08
788,https://students.wlu.ca/career-and-experiential-learning/career-and-employment-support/assets/resources/career-profiles/law/shayna-beeksma.html,career-and-experiential-learning,    2024-08-21
789,https://students.wlu.ca/career-and-experiential-learning/career-and-employment-support/assets/resources/career-profiles/law/associate-lawyer.html,career-and-experiential-learning,    2024-04-10
790,https://students.wlu.ca/career-and-experiential-learning/career-and-employment-support/assets/resources/career-profiles/law/assistant-manager-external-legal-services.html,career-and-experiential-learning,    2024-08-21
791,"https://students.wlu.ca/career-and-experiential-learning/career-and-employment-support/assets/resources/career-profiles/marketing-and-sales/senior-manager,-marketing-analytics.html",career-and-experiential-learning,    2024-08-23
792,https://students.wlu.ca/career-and-experiential-learning/career-and-employment-support/assets/resources/career-profiles/marketing-and-sales/digital-marketing-educator.html,career-and-experiential-learning,    2024-08-22
793,https://students.wlu.ca/career-and-experiential-learning/career-and-employment-support/assets/resources/career-profiles/marketing-and-sales/marketing-communications-coordinator.html,career-and-experiential-learning,    2018-05-14
794,https://students.wlu.ca/career-and-experiential-learning/career-and-employment-support/assets/resources/career-profiles/marketing-and-sales/green-marketing.html,career-and-experiential-learning,    2018-05-14
795,https://students.wlu.ca/career-and-experiential-learning/career-and-employment-support/assets/resources/career-profiles/marketing-and-sales/fundraising-and-marketing-account-executive.html,career-and-experiential-learning,    2018-05-14
796,https://students.wlu.ca/career-and-experiential-learning/career-and-employment-support/assets/resources/career-profiles/marketing-and-sales/copywriter.html,career-and-experiential-learning,    2018-05-14
797,https://students.wlu.ca/career-and-experiential-learning/career-and-employment-support/assets/resources/career-profiles/marketing-and-sales/sales-and-marketing-coordinator.html,career-and-experiential-learning,    2024-08-23
798,https://students.wlu.ca/career-and-experiential-learning/career-and-employment-support/assets/resources/career-profiles/marketing-and-sales/real-estate-agent.html,career-and-experiential-learning,    2024-08-23
799,https://students.wlu.ca/career-and-experiential-learning/career-and-employment-support/assets/resources/career-profiles/marketing-and-sales/supervisor-customer-relationship-and-retail-banking-contact-centre.html,career-and-experiential-learning,    2018-05-14
800,https://students.wlu.ca/career-and-experiential-learning/career-and-employment-support/assets/resources/career-profiles/marketing-and-sales/product-marketing-manager.html,career-and-experiential-learning,    2024-08-22
801,https://students.wlu.ca/career-and-experiential-learning/career-and-employment-support/assets/resources/career-profiles/marketing-and-sales/online-marketer.html,career-and-experiential-learning,    2024-08-22
802,https://students.wlu.ca/career-and-experiential-learning/career-and-employment-support/assets/resources/career-profiles/marketing-and-sales/district-sales-leader.html,career-and-experiential-learning,    2024-08-22
803,https://students.wlu.ca/career-and-experiential-learning/career-and-employment-support/assets/resources/career-profiles/marketing-and-sales/director-of-integrated-marketing.html,career-and-experiential-learning,    2024-08-22
804,https://students.wlu.ca/career-and-experiential-learning/career-and-employment-support/assets/resources/career-profiles/marketing-and-sales/corporate-sales-coordinator.html,career-and-experiential-learning,    2024-08-22
805,https://students.wlu.ca/career-and-experiential-learning/career-and-employment-support/assets/resources/career-profiles/marketing-and-sales/brand-manager.html,career-and-experiential-learning,    2024-08-21
806,https://students.wlu.ca/career-and-experiential-learning/career-and-employment-support/assets/resources/career-profiles/marketing-and-sales/brand-manager-beauty.html,career-and-experiential-learning,    2025-04-17
807,https://students.wlu.ca/career-and-experiential-learning/career-and-employment-support/assets/resources/career-profiles/marketing-and-sales/account-executive.html,career-and-experiential-learning,    2024-08-21
808,https://students.wlu.ca/career-and-experiential-learning/career-and-employment-support/assets/resources/career-profiles/not-for-profit/policy-analyst.html,career-and-experiential-learning,    2024-08-23
809,https://students.wlu.ca/career-and-experiential-learning/career-and-employment-support/assets/resources/career-profiles/not-for-profit/manager-of-global-program-partnerships.html,career-and-experiential-learning,    2024-08-23
810,https://students.wlu.ca/career-and-experiential-learning/career-and-employment-support/assets/resources/career-profiles/not-for-profit/fundraising-and-marketing-account-executive.html,career-and-experiential-learning,    2018-05-14
811,https://students.wlu.ca/career-and-experiential-learning/career-and-employment-support/assets/resources/career-profiles/not-for-profit/director-of-knowledge.html,career-and-experiential-learning,    2018-05-14
812,https://students.wlu.ca/career-and-experiential-learning/career-and-employment-support/assets/resources/career-profiles/not-for-profit/chapter-development-coordinator.html,career-and-experiential-learning,    2018-05-14
813,https://students.wlu.ca/career-and-experiential-learning/career-and-employment-support/assets/resources/career-profiles/not-for-profit/coordinator-fund-development.html,career-and-experiential-learning,    2018-05-14
814,https://students.wlu.ca/career-and-experiential-learning/career-and-employment-support/assets/resources/career-profiles/operations/ai-project-manager.html,career-and-experiential-learning,    2026-03-27
815,https://students.wlu.ca/career-and-experiential-learning/career-and-employment-support/assets/resources/career-profiles/operations/logistics-analyst-toyota.html,career-and-experiential-learning,    2024-08-23
816,https://students.wlu.ca/career-and-experiential-learning/career-and-employment-support/assets/resources/career-profiles/operations/project-control-officer.html,career-and-experiential-learning,    2024-08-23
817,https://students.wlu.ca/career-and-experiential-learning/career-and-employment-support/assets/resources/career-profiles/operations/operations-and-supply-chain-manager.html,career-and-experiential-learning,    2024-08-23
818,https://students.wlu.ca/career-and-experiential-learning/career-and-employment-support/assets/resources/career-profiles/operations/operations-manager.html,career-and-experiential-learning,    2024-08-23
819,https://students.wlu.ca/career-and-experiential-learning/career-and-employment-support/assets/resources/career-profiles/operations/logistics-analyst.html,career-and-experiential-learning,    2024-08-23
820,https://students.wlu.ca/career-and-experiential-learning/career-and-employment-support/assets/resources/career-profiles/research/ai-project-manager.html,career-and-experiential-learning,    2026-03-27
821,https://students.wlu.ca/career-and-experiential-learning/career-and-employment-support/assets/resources/career-profiles/research/resident-physician.html,career-and-experiential-learning,    2025-03-20
822,https://students.wlu.ca/career-and-experiential-learning/career-and-employment-support/assets/resources/career-profiles/research/research-and-development-scientist.html,career-and-experiential-learning,    2024-08-23
823,https://students.wlu.ca/career-and-experiential-learning/career-and-employment-support/assets/resources/career-profiles/research/clinical-research-co-ordinator.html,career-and-experiential-learning,    2024-08-23
824,https://students.wlu.ca/career-and-experiential-learning/career-and-employment-support/assets/resources/career-profiles/research/senior-research-analyst.html,career-and-experiential-learning,    2026-03-27
825,https://students.wlu.ca/career-and-experiential-learning/career-and-employment-support/assets/resources/career-profiles/research/team-lead-and-researcher.html,career-and-experiential-learning,    2024-08-23
826,https://students.wlu.ca/career-and-experiential-learning/career-and-employment-support/assets/resources/career-profiles/research/research-assistant.html,career-and-experiential-learning,    2018-05-14
827,https://students.wlu.ca/career-and-experiential-learning/career-and-employment-support/assets/resources/career-profiles/research/senior-risk-assessment-specialist.html,career-and-experiential-learning,    2024-08-23
828,https://students.wlu.ca/career-and-experiential-learning/career-and-employment-support/assets/resources/career-profiles/research/resource-and-environmental-management.html,career-and-experiential-learning,    2024-08-23
829,https://students.wlu.ca/career-and-experiential-learning/career-and-employment-support/assets/resources/career-profiles/research/research-analyst.html,career-and-experiential-learning,    2024-08-23
830,https://students.wlu.ca/career-and-experiential-learning/career-and-employment-support/assets/resources/career-profiles/research/faculty-member.html,career-and-experiential-learning,    2018-05-14
831,https://students.wlu.ca/career-and-experiential-learning/career-and-employment-support/assets/resources/career-profiles/research/equity-research-associate.html,career-and-experiential-learning,    2018-05-14
832,https://students.wlu.ca/career-and-experiential-learning/career-and-employment-support/assets/resources/career-profiles/research/associate-professor.html,career-and-experiential-learning,    2018-05-14
833,https://students.wlu.ca/career-and-experiential-learning/career-and-employment-support/assets/resources/career-profiles/science-and-environment/senior-consultant-sustainability.html,career-and-experiential-learning,    2026-04-14
834,"https://students.wlu.ca/career-and-experiential-learning/career-and-employment-support/assets/resources/career-profiles/science-and-environment/manager,-operational-sustainability-engagement.html",career-and-experiential-learning,    2024-08-23
835,https://students.wlu.ca/career-and-experiential-learning/career-and-employment-support/assets/resources/career-profiles/science-and-environment/senior-environmental-planner.html,career-and-experiential-learning,    2025-04-17
836,https://students.wlu.ca/career-and-experiential-learning/career-and-employment-support/assets/resources/career-profiles/science-and-environment/senior-risk-assessment-specialist.html,career-and-experiential-learning,    2018-05-14
837,https://students.wlu.ca/career-and-experiential-learning/career-and-employment-support/assets/resources/career-profiles/science-and-environment/senior-compliance-officer-food-safety.html,career-and-experiential-learning,    2018-05-14
838,https://students.wlu.ca/career-and-experiential-learning/career-and-employment-support/assets/resources/career-profiles/science-and-environment/research-assistant.html,career-and-experiential-learning,    2018-05-14
839,https://students.wlu.ca/career-and-experiential-learning/career-and-employment-support/assets/resources/career-profiles/science-and-environment/consultant-sustainable-food-farming-and-environment.html,career-and-experiential-learning,    2018-05-14
840,https://students.wlu.ca/career-and-experiential-learning/career-and-employment-support/assets/resources/career-profiles/science-and-environment/energy-environmental-conservation-supervisor.html,career-and-experiential-learning,    2024-08-23
841,https://students.wlu.ca/career-and-experiential-learning/career-and-employment-support/assets/resources/career-profiles/science-and-environment/wildlife-researcher.html,career-and-experiential-learning,    2025-04-17
842,https://students.wlu.ca/career-and-experiential-learning/career-and-employment-support/assets/resources/career-profiles/science-and-environment/grape-and-wine-technology.html,career-and-experiential-learning,    2024-08-23
843,https://students.wlu.ca/career-and-experiential-learning/career-and-employment-support/assets/resources/career-profiles/social-services-and-counselling/school-social-worker.html,career-and-experiential-learning,    2026-04-27
844,https://students.wlu.ca/career-and-experiential-learning/career-and-employment-support/assets/resources/career-profiles/social-services-and-counselling/psychological-associate.html,career-and-experiential-learning,    2026-04-29
845,https://students.wlu.ca/career-and-experiential-learning/career-and-employment-support/assets/resources/career-profiles/social-services-and-counselling/community-health-and-education-specialist.html,career-and-experiential-learning,    2025-08-26
846,https://students.wlu.ca/career-and-experiential-learning/career-and-employment-support/assets/resources/career-profiles/social-services-and-counselling/program-officer.html,career-and-experiential-learning,    2025-05-06
847,https://students.wlu.ca/career-and-experiential-learning/career-and-employment-support/assets/resources/career-profiles/social-services-and-counselling/addiction-counsellor.html,career-and-experiential-learning,    2024-06-20
848,https://students.wlu.ca/career-and-experiential-learning/career-and-employment-support/assets/resources/career-profiles/social-services-and-counselling/psychometrist.html,career-and-experiential-learning,    2025-04-17
849,https://students.wlu.ca/career-and-experiential-learning/career-and-employment-support/assets/resources/career-profiles/social-services-and-counselling/outreach-worker.html,career-and-experiential-learning,    2025-04-17
850,https://students.wlu.ca/career-and-experiential-learning/career-and-employment-support/assets/resources/career-profiles/social-services-and-counselling/child-and-youth-counsellor.html,career-and-experiential-learning,    2026-03-27
851,https://students.wlu.ca/career-and-experiential-learning/career-and-employment-support/assets/resources/career-profiles/social-services-and-counselling/child-life-specialist.html,career-and-experiential-learning,    2021-03-31
852,https://students.wlu.ca/career-and-experiential-learning/career-and-employment-support/assets/resources/career-profiles/social-services-and-counselling/care-coordinator-msw.html,career-and-experiential-learning,    2025-04-17
853,https://students.wlu.ca/career-and-experiential-learning/career-and-employment-support/assets/resources/career-profiles/social-services-and-counselling/concurrent-disorders-specialist.html,career-and-experiential-learning,    2025-04-17
854,https://students.wlu.ca/career-and-experiential-learning/career-and-employment-support/assets/resources/career-profiles/social-services-and-counselling/social-worker-palliative-care1.html,career-and-experiential-learning,    2018-05-28
855,https://students.wlu.ca/career-and-experiential-learning/career-and-employment-support/assets/resources/career-profiles/social-services-and-counselling/family-therapist1.html,career-and-experiential-learning,    2025-04-17
856,https://students.wlu.ca/career-and-experiential-learning/career-and-employment-support/assets/resources/career-profiles/social-services-and-counselling/couple-and-family-therapist1.html,career-and-experiential-learning,    2025-04-17
857,https://students.wlu.ca/career-and-experiential-learning/career-and-employment-support/assets/resources/career-profiles/social-services-and-counselling/corrections-officer1.html,career-and-experiential-learning,    2025-04-17
858,https://students.wlu.ca/career-and-experiential-learning/career-and-employment-support/assets/resources/career-profiles/social-services-and-counselling/social-worker-and-case-manager.html,career-and-experiential-learning,    2025-10-27
859,https://students.wlu.ca/career-and-experiential-learning/career-and-employment-support/assets/resources/career-profiles/social-services-and-counselling/service-co-ordinator.html,career-and-experiential-learning,    2025-04-17
860,https://students.wlu.ca/career-and-experiential-learning/career-and-employment-support/assets/resources/career-profiles/social-services-and-counselling/director-of-services.html,career-and-experiential-learning,    2025-04-17
861,https://students.wlu.ca/career-and-experiential-learning/career-and-employment-support/assets/resources/career-profiles/social-services-and-counselling/psychotherapist.html,career-and-experiential-learning,    2025-04-17
862,https://students.wlu.ca/career-and-experiential-learning/career-and-employment-support/assets/resources/career-profiles/social-services-and-counselling/equity-and-inclusion-officer.html,career-and-experiential-learning,    2018-05-14
863,https://students.wlu.ca/career-and-experiential-learning/career-and-employment-support/assets/resources/career-profiles/social-services-and-counselling/speech-language-pathologist.html,career-and-experiential-learning,    2018-05-14
864,https://students.wlu.ca/career-and-experiential-learning/career-and-employment-support/assets/resources/career-profiles/social-services-and-counselling/psychoeducational-consulting.html,career-and-experiential-learning,    2018-05-14
865,https://students.wlu.ca/career-and-experiential-learning/career-and-employment-support/assets/resources/career-profiles/social-services-and-counselling/certified-sexologist.html,career-and-experiential-learning,    2025-04-17
866,https://students.wlu.ca/career-and-experiential-learning/career-and-employment-support/assets/resources/career-profiles/social-services-and-counselling/behavioural-consultant.html,career-and-experiential-learning,    2018-05-14
867,https://students.wlu.ca/career-and-experiential-learning/career-and-employment-support/assets/resources/career-profiles/insurance/underwriting-assistant.html,career-and-experiential-learning,    2026-03-27
868,https://students.wlu.ca/career-and-experiential-learning/career-and-employment-support/assets/resources/career-profiles/insurance/executive-liability-underwriter.html,career-and-experiential-learning,    2024-08-21
869,https://students.wlu.ca/career-and-experiential-learning/career-and-employment-support/assets/resources/career-profiles/insurance/director-of-operations.html,career-and-experiential-learning,    2024-08-21
870,https://students.wlu.ca/career-and-experiential-learning/career-and-employment-support/assets/resources/career-profiles/insurance/casualty-litigation-claims-adjuster.html,career-and-experiential-learning,    2024-08-21
871,https://students.wlu.ca/career-and-experiential-learning/career-and-employment-support/assets/resources/career-profiles/technology/test-engineer.html,career-and-experiential-learning,    2025-12-17
872,https://students.wlu.ca/career-and-experiential-learning/career-and-employment-support/assets/resources/career-profiles/technology/associate-consultant.html,career-and-experiential-learning,    2025-06-03
873,https://students.wlu.ca/career-and-experiential-learning/career-and-employment-support/assets/resources/career-profiles/technology/technical-migration-manager.html,career-and-experiential-learning,    2025-04-29
874,https://students.wlu.ca/career-and-experiential-learning/career-and-employment-support/assets/resources/events-and-deadlines/from-hawk-to-hire-challenge.html,career-and-experiential-learning,    2026-04-01
875,https://students.wlu.ca/career-and-experiential-learning/career-and-employment-support/assets/resources/events-and-deadlines/career-wellness-week.html,career-and-experiential-learning,    2025-02-28
876,https://students.wlu.ca/career-and-experiential-learning/career-and-employment-support/assets/resources/events-and-deadlines/career-centre-workshops.html,career-and-experiential-learning,    2026-05-21
877,https://students.wlu.ca/career-and-experiential-learning/career-and-employment-support/assets/resources/events-and-deadlines/further-ed-events.html,career-and-experiential-learning,    2026-04-30
878,https://students.wlu.ca/career-and-experiential-learning/career-and-employment-support/assets/resources/events-and-deadlines/add-to-your-laurier-experience-record.html,career-and-experiential-learning,    2023-03-24
879,https://students.wlu.ca/career-and-experiential-learning/career-and-employment-support/assets/resources/events-and-deadlines/apply-now-to-be-a-career-centre-peer.html,career-and-experiential-learning,    2023-03-24
880,https://students.wlu.ca/career-and-experiential-learning/career-and-employment-support/assets/resources/events-and-deadlines/lauriers-career-development-services-shine-through-spring-and-summer.html,career-and-experiential-learning,    2024-06-21
881,https://students.wlu.ca/career-and-experiential-learning/career-and-employment-support/assets/resources/events-and-deadlines/insurance-industry-overview.html,career-and-experiential-learning,    2025-08-13
882,https://students.wlu.ca/career-and-experiential-learning/career-and-employment-support/assets/resources/events-and-deadlines/plan-ahead-for-further-education-week.html,career-and-experiential-learning,    2026-01-27
883,https://students.wlu.ca/career-and-experiential-learning/career-and-employment-support/assets/resources/events-and-deadlines/p4e-job-fair.html,career-and-experiential-learning,    2026-04-17
884,https://students.wlu.ca/career-and-experiential-learning/career-and-employment-support/assets/resources/general/professionalism-expectations-for-employer-events.html,career-and-experiential-learning,    2025-11-24
885,https://students.wlu.ca/career-and-experiential-learning/career-and-employment-support/assets/resources/general/career-development-and-experiential-learning-certificate-ba+mba-co-op-pathway.html,career-and-experiential-learning,    2024-09-13
886,https://students.wlu.ca/career-and-experiential-learning/career-and-employment-support/assets/resources/general/navigator-job-posting-saved-search.html,career-and-experiential-learning,    2024-01-24
887,https://students.wlu.ca/career-and-experiential-learning/career-and-employment-support/assets/resources/general/navigator.html,career-and-experiential-learning,    2025-02-18
888,https://students.wlu.ca/career-and-experiential-learning/career-and-employment-support/assets/resources/general/laurier-competency-framework.html,career-and-experiential-learning,    2023-04-11
889,https://students.wlu.ca/career-and-experiential-learning/career-and-employment-support/assets/resources/general/ten-thousand-coffees.html,career-and-experiential-learning,    2025-08-08
890,https://students.wlu.ca/career-and-experiential-learning/career-and-employment-support/assets/resources/general/secure-your-summer-job.html,career-and-experiential-learning,    2025-03-26
891,https://students.wlu.ca/career-and-experiential-learning/career-and-employment-support/assets/resources/general/job-search-websites.html,career-and-experiential-learning,    2026-05-25
892,https://students.wlu.ca/career-and-experiential-learning/career-and-employment-support/assets/resources/general/partnerships.html,career-and-experiential-learning,    2026-07-24
893,https://students.wlu.ca/career-and-experiential-learning/career-and-employment-support/assets/resources/programs/social-entrepreneurship.html,career-and-experiential-learning,    2023-04-12
894,https://students.wlu.ca/career-and-experiential-learning/career-and-employment-support/assets/resources/programs/community-engagement-option.html,career-and-experiential-learning,    2023-04-11
895,https://students.wlu.ca/career-and-experiential-learning/career-and-employment-support/assets/resources/programs/teacher-education.html,career-and-experiential-learning,    2024-04-03
896,https://students.wlu.ca/career-and-experiential-learning/career-and-employment-support/assets/resources/programs/social-work-msw.html,career-and-experiential-learning,    2023-04-11
897,https://students.wlu.ca/career-and-experiential-learning/career-and-employment-support/assets/resources/programs/finance.html,career-and-experiential-learning,    2024-04-03
898,https://students.wlu.ca/career-and-experiential-learning/career-and-employment-support/assets/resources/programs/human-resources.html,career-and-experiential-learning,    2024-03-07
899,https://students.wlu.ca/career-and-experiential-learning/career-and-employment-support/assets/resources/programs/accounting.html,career-and-experiential-learning,    2023-04-11
900,https://students.wlu.ca/career-and-experiential-learning/career-and-employment-support/assets/resources/demographic/career-supports-for-online-students.html,career-and-experiential-learning,    2025-08-12
901,https://students.wlu.ca/career-and-experiential-learning/career-and-employment-support/assets/resources/demographic/career-resources-for-international-students.html,career-and-experiential-learning,    2026-05-22
902,https://students.wlu.ca/career-and-experiential-learning/career-and-employment-support/assets/resources/demographic/career-supports-for-second-year-students.html,career-and-experiential-learning,    2023-08-28
903,https://students.wlu.ca/career-and-experiential-learning/career-and-employment-support/assets/resources/demographic/graduate-student-supports.html,career-and-experiential-learning,    2026-06-30
904,https://students.wlu.ca/career-and-experiential-learning/career-and-employment-support/assets/resources/demographic/first-year-student-career-centre-supports.html,career-and-experiential-learning,    2024-08-26
905,https://students.wlu.ca/career-and-experiential-learning/career-and-employment-support/assets/resources/demographic/career-resources-for-lgbtq-students.html,career-and-experiential-learning,    2026-04-16
906,https://students.wlu.ca/career-and-experiential-learning/career-and-employment-support/assets/resources/demographic/career-resources-for-students-with-disabilities.html,career-and-experiential-learning,    2026-04-16
907,https://students.wlu.ca/career-and-experiential-learning/career-and-employment-support/assets/resources/demographic/career-resources-for-indigenous-students.html,career-and-experiential-learning,    2026-04-16
908,https://students.wlu.ca/career-and-experiential-learning/career-and-employment-support/assets/resources/demographic/career-resources-for-black-and-racialized-students.html,career-and-experiential-learning,    2026-04-16
909,https://students.wlu.ca/career-and-experiential-learning/career-and-employment-support/finding-a-job/interviews.html,career-and-experiential-learning,    2024-08-07
910,https://students.wlu.ca/career-and-experiential-learning/career-and-employment-support/finding-a-job/resumes.html,career-and-experiential-learning,    2026-07-28
911,https://students.wlu.ca/career-and-experiential-learning/career-and-employment-support/finding-a-job/job-postings.html,career-and-experiential-learning,    2026-07-02
912,https://students.wlu.ca/career-and-experiential-learning/career-and-employment-support/finding-a-job/index.html,career-and-experiential-learning,    2025-06-03
913,https://students.wlu.ca/career-and-experiential-learning/career-and-employment-support/further-education.html,career-and-experiential-learning,    2026-07-02
914,https://students.wlu.ca/career-and-experiential-learning/career-and-employment-support/career-planning/informational-interviews.html,career-and-experiential-learning,    2025-04-08
915,https://students.wlu.ca/career-and-experiential-learning/career-and-employment-support/career-planning/career-information-by-major.html,career-and-experiential-learning,    2026-07-07
916,https://students.wlu.ca/career-and-experiential-learning/career-and-employment-support/career-planning/industry-profiles.html,career-and-experiential-learning,    2026-06-10
917,https://students.wlu.ca/career-and-experiential-learning/career-and-employment-support/career-planning/career-profiles.html,career-and-experiential-learning,    2025-04-29
918,https://students.wlu.ca/career-and-experiential-learning/career-and-employment-support/career-planning/index.html,career-and-experiential-learning,    2025-04-07
919,https://students.wlu.ca/career-and-experiential-learning/career-and-employment-support/services/peer-program.html,career-and-experiential-learning,    2026-07-28
920,https://students.wlu.ca/career-and-experiential-learning/career-and-employment-support/services/fairs.html,career-and-experiential-learning,    2026-07-28
921,https://students.wlu.ca/career-and-experiential-learning/career-and-employment-support/services/workshops.html,career-and-experiential-learning,    2025-12-17
922,https://students.wlu.ca/career-and-experiential-learning/career-and-employment-support/services/index.html,career-and-experiential-learning,    2026-04-30
923,https://students.wlu.ca/campus-services/index.html,campus-services,    2025-12-15
924,https://students.wlu.ca/campus-services/tech-services/index.html,campus-services,    2026-05-05
925,https://students.wlu.ca/campus-services/tech-services/assets/resources/pronouns-teams-and-zoom.html,campus-services,    2025-01-27
926,https://students.wlu.ca/campus-services/tech-services/assets/resources/how-to-use-barracuda-for-email-spam-filtering.html,campus-services,    2023-01-05
927,https://students.wlu.ca/campus-services/tech-services/assets/resources/tech-guide.html,campus-services,    2024-04-30
928,https://students.wlu.ca/campus-services/tech-services/assets/resources/office-365-terms-of-use.html,campus-services,    2023-07-31
929,https://students.wlu.ca/campus-services/tech-services/assets/resources/zoom-for-healthcare-privacy-and-terms-of-use.html,campus-services,    2022-07-12
930,https://students.wlu.ca/campus-services/tech-services/assets/resources/zoom-privacy-terms-of-use.html,campus-services,    2022-07-11
931,https://students.wlu.ca/campus-services/tech-services/assets/resources/push-notifications-mfa.html,campus-services,    2022-06-09
932,https://students.wlu.ca/campus-services/tech-services/assets/resources/security-key-mfa.html,campus-services,    2022-03-07
933,https://students.wlu.ca/campus-services/tech-services/assets/resources/sms-text-mfa.html,campus-services,    2022-03-07
934,https://students.wlu.ca/campus-services/tech-services/assets/resources/microsoft-authenticator-application-mfa.html,campus-services,    2022-06-09
935,https://students.wlu.ca/campus-services/tech-services/assets/resources/mfa-tips-for-outlook-and-sign-in-optimization.html,campus-services,    2022-08-05
936,https://students.wlu.ca/campus-services/tech-services/assets/resources/tech-services-and-supports.html,campus-services,    2022-08-05
937,https://students.wlu.ca/campus-services/tech-services/assets/resources/custom-laurier-backgrounds-zoom-and-teams.html,campus-services,    2026-04-24
938,https://students.wlu.ca/campus-services/tech-services/assets/resources/qualtrics-faq.html,campus-services,    2019-09-18
939,https://students.wlu.ca/campus-services/tech-services/newsletters/2020/winter/tips-to-working-safely-and-securely-from-home.html,campus-services,    2020-04-14
940,https://students.wlu.ca/campus-services/tech-services/newsletters/2020/winter/helpful-tips-to-avoid-cra-scams---cyber-security-newsletter-january-2020.html,campus-services,    2020-01-30
941,https://students.wlu.ca/campus-services/tech-services/newsletters/2020/fall/cyber-security-awareness-month-week-two.html,campus-services,    2020-10-20
942,https://students.wlu.ca/campus-services/tech-services/newsletters/2020/fall/cyber-security-awareness-month-week-one.html,campus-services,    2020-10-06
943,https://students.wlu.ca/campus-services/tech-services/newsletters/2019/fall/cyber-security-awareness-month-week-four.html,campus-services,    2019-10-28
944,https://students.wlu.ca/campus-services/tech-services/newsletters/2019/fall/cyber-security-awareness-month-week-three.html,campus-services,    2019-10-18
945,https://students.wlu.ca/campus-services/tech-services/newsletters/2019/fall/cyber-security-awareness-month-week-two.html,campus-services,    2019-10-16
946,https://students.wlu.ca/campus-services/tech-services/newsletters/2019/fall/cyber-security-awareness-month-week-one.html,campus-services,    2019-10-03
947,https://students.wlu.ca/campus-services/tech-services/computers-and-equipment/laptop-loaner-program.html,campus-services,    2024-07-26
948,https://students.wlu.ca/campus-services/tech-services/computers-and-equipment/virtual-computer-labs.html,campus-services,    2024-10-07
949,https://students.wlu.ca/campus-services/tech-services/computers-and-equipment/computer-labs.html,campus-services,    2025-05-26
950,https://students.wlu.ca/campus-services/tech-services/computers-and-equipment/index.html,campus-services,    2026-07-02
951,https://students.wlu.ca/campus-services/tech-services/software/index.html,campus-services,    2025-09-12
952,https://students.wlu.ca/campus-services/tech-services/software/spss-for-students.html,campus-services,    2022-08-23
953,https://students.wlu.ca/campus-services/tech-services/software/qualtrics.html,campus-services,    2025-04-01
954,https://students.wlu.ca/campus-services/tech-services/software/namecoach.html,campus-services,    2025-10-24
955,https://students.wlu.ca/campus-services/tech-services/software/microsoft-office-365.html,campus-services,    2026-07-29
956,https://students.wlu.ca/campus-services/tech-services/conferencing-tools/zoom-for-healthcare.html,campus-services,    2025-01-27
957,https://students.wlu.ca/campus-services/tech-services/conferencing-tools/index.html,campus-services,    2024-06-28
958,https://students.wlu.ca/campus-services/tech-services/conferencing-tools/zoom.html,campus-services,    2026-05-08
959,https://students.wlu.ca/campus-services/tech-services/conferencing-tools/microsoft-teams.html,campus-services,    2023-11-30
960,https://students.wlu.ca/campus-services/tech-services/wireless.html,campus-services,    2026-07-02
961,https://students.wlu.ca/campus-services/tech-services/accounts-and-security/index.html,campus-services,    2025-01-21
962,https://students.wlu.ca/campus-services/tech-services/accounts-and-security/multi-factor-authentication.html,campus-services,    2025-04-15
963,https://students.wlu.ca/campus-services/tech-services/accounts-and-security/passwords.html,campus-services,    2024-01-29
964,https://students.wlu.ca/campus-services/retail-services/international-news.html,campus-services,    2026-07-20
965,https://students.wlu.ca/campus-services/retail-services/u-desk.html,campus-services,    2026-06-24
966,https://students.wlu.ca/campus-services/retail-services/tech-shops.html,campus-services,    2026-07-20
967,https://students.wlu.ca/campus-services/retail-services/bookstore.html,campus-services,    2026-07-20
968,https://students.wlu.ca/campus-services/retail-services/index.html,campus-services,    2025-09-12
969,https://students.wlu.ca/campus-services/prism-resources/services.html,campus-services,    2026-05-25
970,https://students.wlu.ca/campus-services/prism-resources/memberships.html,campus-services,    2026-05-25
971,https://students.wlu.ca/campus-services/prism-resources/index.html,campus-services,    2026-07-28
972,https://students.wlu.ca/campus-services/prism-resources/assets/resources/boa-meeting-minutes-sept-27-2019.html,campus-services,    2021-04-21
973,https://students.wlu.ca/campus-services/prism-resources/assets/resources/boa-meeting-minutes-june-5-2020.html,campus-services,    2021-05-18
974,https://students.wlu.ca/campus-services/prism-resources/assets/resources/boa-meeting-minutes-feb-7-2020.html,campus-services,    2021-05-18
975,https://students.wlu.ca/campus-services/prism-resources/assets/resources/boa-meeting-minutes-nov-29-2019.html,campus-services,    2021-04-21
976,https://students.wlu.ca/campus-services/prism-resources/assets/resources/boa-meeting-minutes-aug-7-2020.html,campus-services,    2021-05-18
977,https://students.wlu.ca/campus-services/safety/safety-tips.html,campus-services,    2026-04-24
978,https://students.wlu.ca/campus-services/safety/emergency-response-team.html,campus-services,    2026-07-20
979,https://students.wlu.ca/campus-services/safety/assets/resources/smoke-free-regulations.html,campus-services,    2024-07-02
980,https://students.wlu.ca/campus-services/safety/hawkwalk.html,campus-services,    2025-02-25
981,https://students.wlu.ca/campus-services/safety/index.html,campus-services,    2024-11-08
982,https://students.wlu.ca/campus-services/safety/risk-management-and-safety-training/staff-listing.html,campus-services,    2026-07-20
983,https://students.wlu.ca/campus-services/safety/risk-management-and-safety-training/staying-safe-off-campus.html,campus-services,    2026-07-20
984,https://students.wlu.ca/campus-services/safety/risk-management-and-safety-training/staying-safe-on-campus.html,campus-services,    2026-07-20
985,https://students.wlu.ca/campus-services/safety/risk-management-and-safety-training/fire-safety.html,campus-services,    2026-07-20
986,https://students.wlu.ca/campus-services/safety/risk-management-and-safety-training/training.html,campus-services,    2026-01-27
987,https://students.wlu.ca/campus-services/safety/risk-management-and-safety-training/index.html,campus-services,    2026-07-20
988,https://students.wlu.ca/campus-services/safety/special-constable-service/staff.html,campus-services,    2026-03-27
989,https://students.wlu.ca/campus-services/safety/special-constable-service/community-partners.html,campus-services,    2019-09-26
990,https://students.wlu.ca/campus-services/safety/special-constable-service/emergency-procedures.html,campus-services,    2024-08-14
991,https://students.wlu.ca/campus-services/safety/special-constable-service/safehawk-safety-app.html,campus-services,    2024-03-22
992,https://students.wlu.ca/campus-services/safety/special-constable-service/alert-notification-system.html,campus-services,    2024-09-25
993,https://students.wlu.ca/campus-services/safety/special-constable-service/programs.html,campus-services,    2026-04-08
994,https://students.wlu.ca/campus-services/safety/special-constable-service/index.html,campus-services,    2021-01-26
995,https://students.wlu.ca/campus-services/printing-services/sustainability.html,campus-services,    2026-07-10
996,https://students.wlu.ca/campus-services/printing-services/self-serve-printing.html,campus-services,    2025-08-20
997,https://students.wlu.ca/campus-services/printing-services/services.html,campus-services,    2026-04-30
998,https://students.wlu.ca/campus-services/printing-services/index.html,campus-services,    2026-05-14
999,https://students.wlu.ca/campus-services/onecard/staff.html,campus-services,    2026-06-18
1000,https://students.wlu.ca/campus-services/onecard/deposits-balances-and-refunds.html,campus-services,    2026-03-10
1001,https://students.wlu.ca/campus-services/onecard/lost-and-damaged-onecards.html,campus-services,    2026-07-10
1002,https://students.wlu.ca/campus-services/onecard/where-to-use-it.html,campus-services,    2026-07-15
1003,https://students.wlu.ca/campus-services/onecard/terms-of-use.html,campus-services,    2021-11-26
1004,https://students.wlu.ca/campus-services/onecard/how-to-get-it.html,campus-services,    2026-07-10
1005,https://students.wlu.ca/campus-services/onecard/index.html,campus-services,    2025-06-26
1006,https://students.wlu.ca/campus-services/onecard/assets/resources/submit-your-onecard-photo-now-to-be-fall-ready.html,campus-services,    2023-07-03
1007,https://students.wlu.ca/campus-services/sustainability/get-involved/sustainable-hawk-fund.html,campus-services,    2026-04-01
1008,https://students.wlu.ca/campus-services/sustainability/get-involved/index.html,campus-services,    2026-07-20
1009,https://students.wlu.ca/campus-services/sustainability/index.html,campus-services,    2026-07-07
1010,https://students.wlu.ca/campus-services/sustainability/learning-and-research.html,campus-services,    2024-06-28
1011,https://students.wlu.ca/campus-services/sustainability/initiatives/index.html,campus-services,    2026-07-13
1012,https://students.wlu.ca/campus-services/sustainability/initiatives/food.html,campus-services,    2026-07-20
1013,https://students.wlu.ca/campus-services/sustainability/initiatives/transportation.html,campus-services,    2026-07-13
1014,https://students.wlu.ca/campus-services/sustainability/initiatives/waste-reduction.html,campus-services,    2026-07-20
1015,https://students.wlu.ca/campus-services/sustainability/initiatives/freestore.html,campus-services,    2026-03-31
1016,https://students.wlu.ca/campus-services/dining-on-campus/index.html,campus-services,    2026-07-06
1017,https://students.wlu.ca/campus-services/parking-and-transportation/staff-listing.html,campus-services,    2026-04-01
1018,https://students.wlu.ca/campus-services/parking-and-transportation/electric-vehicle-charging-station.html,campus-services,    2026-07-10
1019,https://students.wlu.ca/campus-services/parking-and-transportation/cycling-and-transit.html,campus-services,    2026-01-19
1020,https://students.wlu.ca/campus-services/parking-and-transportation/parking-safety.html,campus-services,    2026-07-10
1021,https://students.wlu.ca/campus-services/parking-and-transportation/parking-regulations-and-enforcement/license-plate-recognition.html,campus-services,    2025-04-01
1022,https://students.wlu.ca/campus-services/parking-and-transportation/parking-regulations-and-enforcement/enforcement-fines.html,campus-services,    2026-07-10
1023,https://students.wlu.ca/campus-services/parking-and-transportation/parking-regulations-and-enforcement/index.html,campus-services,    2025-10-24
1024,https://students.wlu.ca/campus-services/parking-and-transportation/parking-fees.html,campus-services,    2026-07-10
1025,https://students.wlu.ca/campus-services/parking-and-transportation/accessible-parking.html,campus-services,    2026-07-10
1026,https://students.wlu.ca/campus-services/parking-and-transportation/visitor-and-temporary-parking.html,campus-services,    2026-07-10
1027,https://students.wlu.ca/campus-services/parking-and-transportation/student-parking-permits/residence-student-permits.html,campus-services,    2026-04-01
1028,https://students.wlu.ca/campus-services/parking-and-transportation/student-parking-permits/non-residence-parking-permits.html,campus-services,    2026-06-23
1029,https://students.wlu.ca/campus-services/parking-and-transportation/student-parking-permits/carpool-permits.html,campus-services,    2026-06-23
1030,https://students.wlu.ca/campus-services/parking-and-transportation/student-parking-permits/index.html,campus-services,    2026-07-10
1031,https://students.wlu.ca/campus-services/parking-and-transportation/index.html,campus-services,    2024-09-23
1032,https://students.wlu.ca/campus-services/residence-and-off-campus-housing/index.html,campus-services,    2021-05-19
1033,https://students.wlu.ca/campus-services/residence-and-off-campus-housing/off-campus-initiatives/index.html,campus-services,    2026-06-26
1034,https://students.wlu.ca/campus-services/residence-and-off-campus-housing/off-campus-initiatives/off-campus-housing/rental-fraud.html,campus-services,    2025-07-08
1035,https://students.wlu.ca/campus-services/residence-and-off-campus-housing/off-campus-initiatives/off-campus-housing/tenant-resources.html,campus-services,    2025-07-08
1036,https://students.wlu.ca/campus-services/residence-and-off-campus-housing/off-campus-initiatives/off-campus-housing/landlord-resources.html,campus-services,    2025-07-08
1037,https://students.wlu.ca/campus-services/residence-and-off-campus-housing/off-campus-initiatives/off-campus-housing/programs-and-workshops.html,campus-services,    2026-04-27
1038,https://students.wlu.ca/campus-services/residence-and-off-campus-housing/off-campus-initiatives/off-campus-housing/index.html,campus-services,    2026-06-30
1039,https://students.wlu.ca/campus-services/residence-and-off-campus-housing/off-campus-initiatives/assets/resources/milton-student-leadership-council.html,campus-services,    2025-08-25
1040,https://students.wlu.ca/campus-services/residence-and-off-campus-housing/off-campus-initiatives/assets/resources/questions-to-ask-while-viewing-properties.html,campus-services,    2022-08-04
1041,https://students.wlu.ca/campus-services/residence-and-off-campus-housing/off-campus-initiatives/assets/resources/off-campus-rental-move-in-checklist.html,campus-services,    2025-07-10
1042,https://students.wlu.ca/campus-services/residence-and-off-campus-housing/off-campus-initiatives/assets/resources/roommate-conflict.html,campus-services,    2022-08-04
1043,https://students.wlu.ca/campus-services/residence-and-off-campus-housing/off-campus-initiatives/assets/resources/roommate-match-up.html,campus-services,    2022-08-05
1044,https://students.wlu.ca/campus-services/residence-and-off-campus-housing/off-campus-initiatives/assets/resources/off-campus-welcome-days.html,campus-services,    2026-07-23
1045,https://students.wlu.ca/campus-services/residence-and-off-campus-housing/off-campus-initiatives/assets/resources/top-things-to-consider-before-looking-for-housing.html,campus-services,    2023-04-18
1046,https://students.wlu.ca/campus-services/residence-and-off-campus-housing/off-campus-initiatives/locus/off-campus-advisors.html,campus-services,    2026-07-02
1047,https://students.wlu.ca/campus-services/residence-and-off-campus-housing/off-campus-initiatives/locus/student-councils.html,campus-services,    2026-06-12
1048,https://students.wlu.ca/campus-services/residence-and-off-campus-housing/off-campus-initiatives/locus/index.html,campus-services,    2026-07-21
1049,https://students.wlu.ca/campus-services/residence-and-off-campus-housing/residence/staff-listing.html,campus-services,    2026-07-20
1050,https://students.wlu.ca/campus-services/residence-and-off-campus-housing/residence/moving-out.html,campus-services,    2026-07-20
1051,https://students.wlu.ca/campus-services/residence-and-off-campus-housing/residence/residence-experience/residence-student-staff.html,campus-services,    2026-07-20
1052,https://students.wlu.ca/campus-services/residence-and-off-campus-housing/residence/residence-experience/residence-counselling.html,campus-services,    2026-07-20
1053,https://students.wlu.ca/campus-services/residence-and-off-campus-housing/residence/residence-experience/themed-environments.html,campus-services,    2023-06-23
1054,https://students.wlu.ca/campus-services/residence-and-off-campus-housing/residence/residence-experience/first-year-leadership-program.html,campus-services,    2026-03-18
1055,https://students.wlu.ca/campus-services/residence-and-off-campus-housing/residence/residence-experience/living-learning-program.html,campus-services,    2026-05-06
1056,https://students.wlu.ca/campus-services/residence-and-off-campus-housing/residence/residence-experience/index.html,campus-services,    2026-06-02
1057,https://students.wlu.ca/campus-services/residence-and-off-campus-housing/residence/living-in-residence/index.html,campus-services,    2025-10-06
1058,https://students.wlu.ca/campus-services/residence-and-off-campus-housing/residence/moving-in.html,campus-services,    2026-07-21
1059,https://students.wlu.ca/campus-services/residence-and-off-campus-housing/residence/index.html,campus-services,    2026-07-06
1060,https://students.wlu.ca/campus-services/residence-and-off-campus-housing/residence/assets/resources/residence-room-assignment-frequently-asked-questions.html,campus-services,    2026-06-12
1061,https://students.wlu.ca/campus-services/residence-and-off-campus-housing/residence/assets/resources/living-with-roommates.html,campus-services,    2024-02-13
1062,https://students.wlu.ca/campus-services/residence-and-off-campus-housing/residence/assets/resources/community-standards.html,campus-services,    2026-06-19
1063,https://students.wlu.ca/campus-services/residence-and-off-campus-housing/residence/assets/resources/fire-safety-in-residence.html,campus-services,    2024-08-21
1064,https://students.wlu.ca/campus-services/residence-and-off-campus-housing/residence/assets/resources/your-residence-your-room.html,campus-services,    2026-02-03
1065,https://students.wlu.ca/campus-services/residence-and-off-campus-housing/residence/assets/resources/senior-and-graduate-students-application.html,campus-services,    2025-03-12
1066,https://students.wlu.ca/campus-services/residence-and-off-campus-housing/residence/assets/resources/guests-and-visitors.html,campus-services,    2026-06-19
1067,https://students.wlu.ca/campus-services/residence-and-off-campus-housing/residence/assets/resources/safety-and-security.html,campus-services,    2026-06-19
1068,https://students.wlu.ca/campus-services/residence-and-off-campus-housing/residence/assets/resources/residence-agreement.html,campus-services,    2026-03-04
1069,https://students.wlu.ca/campus-services/residence-and-off-campus-housing/residence/assets/resources/room-assignment-and-changes.html,campus-services,    2025-03-26
1070,https://students.wlu.ca/campus-services/residence-and-off-campus-housing/residence/assets/resources/code-of-conduct.html,campus-services,    2026-07-09
1071,https://students.wlu.ca/campus-services/residence-and-off-campus-housing/residence/buildings/index.html,campus-services,    2026-07-20
1072,https://students.wlu.ca/campus-services/residence-and-off-campus-housing/residence/application/inclusivity-and-accommodations.html,campus-services,    2025-12-10
1073,https://students.wlu.ca/campus-services/residence-and-off-campus-housing/residence/application/index.html,campus-services,    2026-07-20
1074,https://students.wlu.ca/campus-services/classrooms-and-spaces/level-one-lounge.html,campus-services,    2026-05-25
1075,https://students.wlu.ca/campus-services/classrooms-and-spaces/index.html,campus-services,    2024-09-06
1076,https://students.wlu.ca/campus-services/classrooms-and-spaces/study-spaces/waterloo.html,campus-services,    2026-07-23
1077,https://students.wlu.ca/campus-services/classrooms-and-spaces/study-spaces/milton.html,campus-services,    2026-07-23
1078,https://students.wlu.ca/campus-services/classrooms-and-spaces/study-spaces/brantford.html,campus-services,    2026-07-23
1079,https://students.wlu.ca/campus-services/classrooms-and-spaces/study-spaces/index.html,campus-services,    2026-07-23
1080,https://students.wlu.ca/campus-services/classrooms-and-spaces/labs-and-equipment/science-research-centre.html,campus-services,    2026-07-10
1081,https://students.wlu.ca/campus-services/classrooms-and-spaces/labs-and-equipment/index.html,campus-services,    2026-07-10
1082,https://students.wlu.ca/campus-services/classrooms-and-spaces/classrooms/report-a-problem.html,campus-services,    2026-01-29
1083,https://students.wlu.ca/campus-services/classrooms-and-spaces/classrooms/classroom-orientation-guides.html,campus-services,    2025-10-06
1084,https://students.wlu.ca/campus-services/classrooms-and-spaces/classrooms/index.html,campus-services,    2026-06-19
1085,https://students.wlu.ca/programs/index.html,programs,    2020-10-29
1086,https://students.wlu.ca/programs/social-work/index.html,programs,    2026-04-15
1087,https://students.wlu.ca/programs/social-work/phd/faculty-and-staff.html,programs,    2026-07-09
1088,https://students.wlu.ca/programs/social-work/phd/committees.html,programs,    2024-07-08
1089,https://students.wlu.ca/programs/social-work/phd/funding.html,programs,    2026-02-13
1090,https://students.wlu.ca/programs/social-work/phd/dissertation.html,programs,    2024-07-08
1091,https://students.wlu.ca/programs/social-work/phd/comprehensive-paper.html,programs,    2026-05-21
1092,https://students.wlu.ca/programs/social-work/phd/course-offerings.html,programs,    2026-06-03
1093,https://students.wlu.ca/programs/social-work/phd/program-requirements.html,programs,    2025-05-15
1094,https://students.wlu.ca/programs/social-work/phd/index.html,programs,    2026-06-15
1095,https://students.wlu.ca/programs/social-work/phd/assets/resources/part-time-phd-course-plan.html,programs,    2021-12-22
1096,https://students.wlu.ca/programs/social-work/phd/assets/resources/full-time-phd-course-plan.html,programs,    2021-12-22
1097,https://students.wlu.ca/programs/social-work/phd/assets/resources/phd-grade-reassessment-policy.html,programs,    2021-01-15
1098,https://students.wlu.ca/programs/social-work/msw/faculty-and-staff.html,programs,    2026-07-09
1099,https://students.wlu.ca/programs/social-work/msw/committees.html,programs,    2025-04-08
1100,https://students.wlu.ca/programs/social-work/msw/research-assistantships.html,programs,    2025-09-15
1101,https://students.wlu.ca/programs/social-work/msw/walls-to-bridges.html,programs,    2025-02-04
1102,https://students.wlu.ca/programs/social-work/msw/funding.html,programs,    2026-02-13
1103,https://students.wlu.ca/programs/social-work/msw/indigenous-field-of-study/field-education.html,programs,    2022-06-15
1104,https://students.wlu.ca/programs/social-work/msw/indigenous-field-of-study/part-time-program.html,programs,    2023-03-17
1105,https://students.wlu.ca/programs/social-work/msw/indigenous-field-of-study/program-elders.html,programs,    2017-11-10
1106,https://students.wlu.ca/programs/social-work/msw/indigenous-field-of-study/course-offerings.html,programs,    2025-05-06
1107,https://students.wlu.ca/programs/social-work/msw/indigenous-field-of-study/index.html,programs,    2022-09-01
1108,https://students.wlu.ca/programs/social-work/msw/international-social-work-program.html,programs,    2025-02-04
1109,https://students.wlu.ca/programs/social-work/msw/field-education/part-time.html,programs,    2026-04-30
1110,https://students.wlu.ca/programs/social-work/msw/field-education/full-time.html,programs,    2026-04-30
1111,https://students.wlu.ca/programs/social-work/msw/field-education/index.html,programs,    2026-04-30
1112,https://students.wlu.ca/programs/social-work/msw/course-offerings.html,programs,    2026-05-14
1113,https://students.wlu.ca/programs/social-work/msw/assets/resources/msw-coursework-extension-policy-for-online-courses.html,programs,    2023-10-23
1114,https://students.wlu.ca/programs/social-work/msw/assets/resources/previous-course-offerings.html,programs,    2026-04-20
1115,https://students.wlu.ca/programs/social-work/msw/assets/resources/msw-grade-reassessment-policy.html,programs,    2024-08-28
1116,https://students.wlu.ca/programs/social-work/msw/assets/resources/msw-online-courses.html,programs,    2026-06-09
1117,https://students.wlu.ca/programs/social-work/msw/assets/resources/msw-on-campus-courses.html,programs,    2026-04-20
1118,https://students.wlu.ca/programs/social-work/msw/program-requirements/professional-conduct.html,programs,    2020-01-17
1119,https://students.wlu.ca/programs/social-work/msw/program-requirements/index.html,programs,    2026-02-13
1120,https://students.wlu.ca/programs/social-work/msw/index.html,programs,    2023-07-24
1121,https://students.wlu.ca/programs/social-work/bsw/faculty-and-staff.html,programs,    2026-07-09
1122,https://students.wlu.ca/programs/social-work/bsw/student-groups.html,programs,    2025-10-01
1123,https://students.wlu.ca/programs/social-work/bsw/field-education/frequently-asked-questions.html,programs,    2025-11-21
1124,https://students.wlu.ca/programs/social-work/bsw/field-education/policies-and-procedures.html,programs,    2025-02-18
1125,https://students.wlu.ca/programs/social-work/bsw/field-education/index.html,programs,    2020-02-27
1126,https://students.wlu.ca/programs/social-work/bsw/course-offerings.html,programs,    2026-07-14
1127,https://students.wlu.ca/programs/social-work/bsw/program-requirements.html,programs,    2024-08-27
1128,https://students.wlu.ca/programs/social-work/bsw/index.html,programs,    2023-09-21
1129,https://students.wlu.ca/programs/education/index.html,programs,    2026-06-18
1130,https://students.wlu.ca/programs/education/assets/resources/faculty-of-education-graduate-handbook.html,programs,    2026-07-06
1131,https://students.wlu.ca/programs/education/assets/resources/bachelor-of-education-handbook.html,programs,    2026-07-28
1132,https://students.wlu.ca/programs/education/faculty-and-staff.html,programs,    2026-02-27
1133,https://students.wlu.ca/programs/education/student-groups.html,programs,    2024-03-18
1134,https://students.wlu.ca/programs/education/minor-and-option/index.html,programs,    2026-07-08
1135,https://students.wlu.ca/programs/education/phd-in-educational-studies/index.html,programs,    2026-07-06
1136,https://students.wlu.ca/programs/education/master-of-education/course-offerings.html,programs,    2026-06-16
1137,https://students.wlu.ca/programs/education/master-of-education/program-requirements.html,programs,    2024-03-15
1138,https://students.wlu.ca/programs/education/master-of-education/index.html,programs,    2026-07-06
1139,https://students.wlu.ca/programs/education/bachelor-of-education/professional-teaching-orientation-week.html,programs,    2024-03-14
1140,https://students.wlu.ca/programs/education/bachelor-of-education/field-experience.html,programs,    2024-03-19
1141,https://students.wlu.ca/programs/education/bachelor-of-education/course-offerings.html,programs,    2024-03-18
1142,https://students.wlu.ca/programs/education/bachelor-of-education/program-requirements.html,programs,    2025-08-05
1143,https://students.wlu.ca/programs/education/bachelor-of-education/index.html,programs,    2026-07-28
1144,https://students.wlu.ca/programs/options-and-minors/index.html,programs,    2026-07-29
1145,https://students.wlu.ca/programs/options-and-minors/options/community-engagement/index.html,programs,    2022-07-28
1146,https://students.wlu.ca/programs/options-and-minors/options/international-policy/index.html,programs,    2026-05-15
1147,https://students.wlu.ca/programs/options-and-minors/options/issue-advocacy/index.html,programs,    2025-11-21
1148,https://students.wlu.ca/programs/options-and-minors/options/media-studies/index.html,programs,    2025-11-21
1149,https://students.wlu.ca/programs/options-and-minors/options/social-entrepreneurship/index.html,programs,    2024-07-25
1150,https://students.wlu.ca/programs/arts/index.html,programs,    2026-04-15
1151,https://students.wlu.ca/programs/arts/anthropology/faculty-and-staff.html,programs,    2026-07-06
1152,https://students.wlu.ca/programs/arts/anthropology/instructional-assistantships.html,programs,    2026-07-13
1153,https://students.wlu.ca/programs/arts/anthropology/student-groups.html,programs,    2018-10-26
1154,https://students.wlu.ca/programs/arts/anthropology/learning-outcomes.html,programs,    2018-04-13
1155,https://students.wlu.ca/programs/arts/anthropology/course-offerings.html,programs,    2026-07-07
1156,https://students.wlu.ca/programs/arts/anthropology/program-requirements.html,programs,    2026-05-21
1157,https://students.wlu.ca/programs/arts/anthropology/index.html,programs,    2026-07-29
1158,https://students.wlu.ca/programs/arts/archaeology-and-heritage-studies/faculty-and-staff.html,programs,    2025-12-16
1159,https://students.wlu.ca/programs/arts/archaeology-and-heritage-studies/student-groups.html,programs,    2022-07-06
1160,https://students.wlu.ca/programs/arts/archaeology-and-heritage-studies/field-projects-and-research.html,programs,    2022-07-06
1161,https://students.wlu.ca/programs/arts/archaeology-and-heritage-studies/learning-outcomes.html,programs,    2022-07-06
1162,https://students.wlu.ca/programs/arts/archaeology-and-heritage-studies/course-offerings.html,programs,    2026-06-16
1163,https://students.wlu.ca/programs/arts/archaeology-and-heritage-studies/program-requirements.html,programs,    2022-07-06
1164,https://students.wlu.ca/programs/arts/archaeology-and-heritage-studies/index.html,programs,    2024-12-17
1165,https://students.wlu.ca/programs/arts/communication-studies/faculty-and-staff.html,programs,    2026-07-02
1166,https://students.wlu.ca/programs/arts/communication-studies/get-involved.html,programs,    2025-09-22
1167,https://students.wlu.ca/programs/arts/communication-studies/course-offerings/graduate-courses.html,programs,    2026-07-09
1168,https://students.wlu.ca/programs/arts/communication-studies/course-offerings/cultural-studies.html,programs,    2026-06-15
1169,https://students.wlu.ca/programs/arts/communication-studies/course-offerings/communication-studies.html,programs,    2026-07-24
1170,https://students.wlu.ca/programs/arts/communication-studies/course-offerings/index.html,programs,    2026-06-29
1171,https://students.wlu.ca/programs/arts/communication-studies/program-requirements.html,programs,    2026-06-23
1172,https://students.wlu.ca/programs/arts/communication-studies/masters-program/co-op.html,programs,    2024-11-21
1173,https://students.wlu.ca/programs/arts/communication-studies/masters-program/thesis.html,programs,    2024-11-21
1174,https://students.wlu.ca/programs/arts/communication-studies/masters-program/major-research-paper.html,programs,    2024-11-28
1175,https://students.wlu.ca/programs/arts/communication-studies/masters-program/index.html,programs,    2024-11-21
1176,https://students.wlu.ca/programs/arts/communication-studies/index.html,programs,    2023-09-19
1177,https://students.wlu.ca/programs/arts/communication-studies/assets/resources/what-graduates-are-saying-about-the-master-of-arts-in-communication-studies.html,programs,    2025-08-26
1178,https://students.wlu.ca/programs/arts/communication-studies/undergraduate-programs/instructional-assistantships.html,programs,    2026-03-31
1179,https://students.wlu.ca/programs/arts/communication-studies/undergraduate-programs/index.html,programs,    2021-05-29
1180,https://students.wlu.ca/programs/arts/communication-studies/undergraduate-programs/advising.html,programs,    2026-07-17
1181,https://students.wlu.ca/programs/arts/english-and-film-studies/faculty-and-staff.html,programs,    2026-07-07
1182,https://students.wlu.ca/programs/arts/english-and-film-studies/careers.html,programs,    2023-09-15
1183,https://students.wlu.ca/programs/arts/english-and-film-studies/instructional-assistants.html,programs,    2026-04-24
1184,https://students.wlu.ca/programs/arts/english-and-film-studies/get-involved.html,programs,    2024-11-07
1185,https://students.wlu.ca/programs/arts/english-and-film-studies/doctoral-program/funding.html,programs,    2024-07-02
1186,https://students.wlu.ca/programs/arts/english-and-film-studies/doctoral-program/student-profiles.html,programs,    2025-10-07
1187,https://students.wlu.ca/programs/arts/english-and-film-studies/doctoral-program/dissertation.html,programs,    2018-05-01
1188,https://students.wlu.ca/programs/arts/english-and-film-studies/doctoral-program/specialization-area-exam.html,programs,    2025-05-08
1189,https://students.wlu.ca/programs/arts/english-and-film-studies/doctoral-program/comprehensive-area-exam.html,programs,    2025-11-20
1190,https://students.wlu.ca/programs/arts/english-and-film-studies/doctoral-program/program-requirements.html,programs,    2025-01-10
1191,https://students.wlu.ca/programs/arts/english-and-film-studies/doctoral-program/index.html,programs,    2023-05-17
1192,https://students.wlu.ca/programs/arts/english-and-film-studies/masters-program/courses.html,programs,    2026-05-04
1193,https://students.wlu.ca/programs/arts/english-and-film-studies/masters-program/funding.html,programs,    2024-06-28
1194,https://students.wlu.ca/programs/arts/english-and-film-studies/masters-program/professional-skills-option.html,programs,    2024-02-02
1195,https://students.wlu.ca/programs/arts/english-and-film-studies/masters-program/major-research-paper.html,programs,    2024-11-07
1196,https://students.wlu.ca/programs/arts/english-and-film-studies/masters-program/program-requirements.html,programs,    2021-04-12
1197,https://students.wlu.ca/programs/arts/english-and-film-studies/masters-program/index.html,programs,    2022-08-19
1198,https://students.wlu.ca/programs/arts/english-and-film-studies/index.html,programs,    2024-08-27
1199,https://students.wlu.ca/programs/arts/english-and-film-studies/assets/resources/cae-reading-lists/film-history-reading-list.html,programs,    2025-10-31
1200,https://students.wlu.ca/programs/arts/english-and-film-studies/assets/resources/cae-reading-lists/film-theory-reading-list.html,programs,    2025-10-31
1201,https://students.wlu.ca/programs/arts/english-and-film-studies/assets/resources/cae-reading-lists/critical-theory-reading-list.html,programs,    2025-10-31
1202,https://students.wlu.ca/programs/arts/english-and-film-studies/assets/resources/cae-reading-lists/postcolonial-literature-reading-list.html,programs,    2025-10-31
1203,https://students.wlu.ca/programs/arts/english-and-film-studies/assets/resources/cae-reading-lists/romantic-literature-reading-list.html,programs,    2025-10-30
1204,https://students.wlu.ca/programs/arts/english-and-film-studies/assets/resources/cae-reading-lists/early-modern-literature-reading-list.html,programs,    2025-10-30
1205,https://students.wlu.ca/programs/arts/english-and-film-studies/assets/resources/cae-reading-lists/medieval-literature-reading-list.html,programs,    2025-10-30
1206,https://students.wlu.ca/programs/arts/english-and-film-studies/assets/resources/cae-reading-lists/canadian-literature-reading-list.html,programs,    2025-10-30
1207,https://students.wlu.ca/programs/arts/english-and-film-studies/assets/resources/cae-reading-lists/victorian-literature-reading-list.html,programs,    2025-10-30
1208,https://students.wlu.ca/programs/arts/english-and-film-studies/assets/resources/cae-reading-lists/twentieth-century-american-literature-reading-list.html,programs,    2025-10-30
1209,https://students.wlu.ca/programs/arts/english-and-film-studies/undergraduate-programs/funding.html,programs,    2026-04-06
1210,https://students.wlu.ca/programs/arts/english-and-film-studies/undergraduate-programs/film-courses.html,programs,    2026-06-22
1211,https://students.wlu.ca/programs/arts/english-and-film-studies/undergraduate-programs/academic-advising.html,programs,    2026-03-30
1212,https://students.wlu.ca/programs/arts/english-and-film-studies/undergraduate-programs/english-courses.html,programs,    2026-06-22
1213,https://students.wlu.ca/programs/arts/english-and-film-studies/undergraduate-programs/program-roadmaps.html,programs,    2024-10-01
1214,https://students.wlu.ca/programs/arts/english-and-film-studies/undergraduate-programs/program-requirements.html,programs,    2026-03-30
1215,https://students.wlu.ca/programs/arts/english-and-film-studies/undergraduate-programs/index.html,programs,    2025-02-10
1216,https://students.wlu.ca/programs/arts/global-studies/faculty-and-staff.html,programs,    2026-07-06
1217,https://students.wlu.ca/programs/arts/global-studies/arts-global-experience.html,programs,    2026-01-12
1218,https://students.wlu.ca/programs/arts/global-studies/course-offerings.html,programs,    2026-06-26
1219,https://students.wlu.ca/programs/arts/global-studies/concentrations.html,programs,    2026-06-30
1220,https://students.wlu.ca/programs/arts/global-studies/program-requirements.html,programs,    2021-03-05
1221,https://students.wlu.ca/programs/arts/global-studies/index.html,programs,    2026-01-07
1222,https://students.wlu.ca/programs/arts/history/faculty-and-staff.html,programs,    2026-05-29
1223,https://students.wlu.ca/programs/arts/history/get-involved.html,programs,    2025-09-05
1224,https://students.wlu.ca/programs/arts/history/style-guide.html,programs,    2023-11-21
1225,https://students.wlu.ca/programs/arts/history/doctoral-program/student-research.html,programs,    2026-01-16
1226,https://students.wlu.ca/programs/arts/history/doctoral-program/index.html,programs,    2018-04-04
1227,https://students.wlu.ca/programs/arts/history/masters-program/funding.html,programs,    2022-10-18
1228,https://students.wlu.ca/programs/arts/history/masters-program/course-only.html,programs,    2022-05-27
1229,https://students.wlu.ca/programs/arts/history/masters-program/thesis.html,programs,    2018-04-04
1230,https://students.wlu.ca/programs/arts/history/masters-program/major-research-paper.html,programs,    2026-04-30
1231,https://students.wlu.ca/programs/arts/history/masters-program/index.html,programs,    2022-05-27
1232,https://students.wlu.ca/programs/arts/history/index.html,programs,    2025-08-19
1233,https://students.wlu.ca/programs/arts/history/undergraduate-programs/scholarships-and-awards.html,programs,    2026-02-20
1234,https://students.wlu.ca/programs/arts/history/undergraduate-programs/instructional-assistants.html,programs,    2025-12-01
1235,https://students.wlu.ca/programs/arts/history/undergraduate-programs/history-courses.html,programs,    2026-07-07
1236,https://students.wlu.ca/programs/arts/history/undergraduate-programs/ancient-studies.html,programs,    2026-07-07
1237,https://students.wlu.ca/programs/arts/history/undergraduate-programs/program-requirements.html,programs,    2026-07-21
1238,https://students.wlu.ca/programs/arts/history/undergraduate-programs/index.html,programs,    2022-05-27
1239,https://students.wlu.ca/programs/arts/languages-and-literatures/faculty-and-staff.html,programs,    2026-06-23
1240,https://students.wlu.ca/programs/arts/languages-and-literatures/careers.html,programs,    2026-07-28
1241,https://students.wlu.ca/programs/arts/languages-and-literatures/instructional-assistantships.html,programs,    2025-11-25
1242,https://students.wlu.ca/programs/arts/languages-and-literatures/funding.html,programs,    2024-06-13
1243,https://students.wlu.ca/programs/arts/languages-and-literatures/travel-and-learn.html,programs,    2025-08-24
1244,https://students.wlu.ca/programs/arts/languages-and-literatures/courses/cross-registration-with-university-of-waterloo.html,programs,    2021-07-21
1245,https://students.wlu.ca/programs/arts/languages-and-literatures/courses/french-course-registration.html,programs,    2026-02-19
1246,https://students.wlu.ca/programs/arts/languages-and-literatures/courses/index.html,programs,    2026-06-23
1247,https://students.wlu.ca/programs/arts/languages-and-literatures/program-requirements.html,programs,    2026-07-28
1248,https://students.wlu.ca/programs/arts/languages-and-literatures/undergraduate-programs.html,programs,    2019-07-02
1249,https://students.wlu.ca/programs/arts/languages-and-literatures/index.html,programs,    2026-07-23
1250,https://students.wlu.ca/programs/arts/medieval-studies/faculty-and-staff.html,programs,    2025-07-25
1251,https://students.wlu.ca/programs/arts/medieval-studies/get-involved.html,programs,    2017-09-21
1252,https://students.wlu.ca/programs/arts/medieval-studies/learning-outcomes.html,programs,    2017-06-14
1253,https://students.wlu.ca/programs/arts/medieval-studies/course-offerings.html,programs,    2026-06-16
1254,https://students.wlu.ca/programs/arts/medieval-studies/program-requirements.html,programs,    2017-07-05
1255,https://students.wlu.ca/programs/arts/medieval-studies/index.html,programs,    2023-12-20
1256,https://students.wlu.ca/programs/arts/north-american-studies/faculty-and-staff.html,programs,    2025-10-09
1257,https://students.wlu.ca/programs/arts/north-american-studies/learning-outcomes.html,programs,    2018-06-05
1258,https://students.wlu.ca/programs/arts/north-american-studies/course-offerings/pre-approved-electives.html,programs,    2020-11-11
1259,https://students.wlu.ca/programs/arts/north-american-studies/course-offerings/index.html,programs,    2024-05-30
1260,https://students.wlu.ca/programs/arts/north-american-studies/program-requirements.html,programs,    2025-11-21
1261,https://students.wlu.ca/programs/arts/north-american-studies/index.html,programs,    2024-12-20
1262,https://students.wlu.ca/programs/arts/philosophy/faculty-and-staff.html,programs,    2025-07-25
1263,https://students.wlu.ca/programs/arts/philosophy/instructional-assistantships.html,programs,    2026-07-24
1264,https://students.wlu.ca/programs/arts/philosophy/get-involved.html,programs,    2024-01-29
1265,https://students.wlu.ca/programs/arts/philosophy/option.html,programs,    2026-07-21
1266,https://students.wlu.ca/programs/arts/philosophy/course-offerings.html,programs,    2026-06-30
1267,https://students.wlu.ca/programs/arts/philosophy/program-requirements.html,programs,    2025-06-11
1268,https://students.wlu.ca/programs/arts/philosophy/programs.html,programs,    2025-06-11
1269,https://students.wlu.ca/programs/arts/philosophy/index.html,programs,    2023-09-21
1270,https://students.wlu.ca/programs/arts/political-science/faculty-and-staff.html,programs,    2026-07-16
1271,https://students.wlu.ca/programs/arts/political-science/student-clubs.html,programs,    2026-06-23
1272,https://students.wlu.ca/programs/arts/political-science/barry-kay-memorial-lecture.html,programs,    2022-11-16
1273,https://students.wlu.ca/programs/arts/political-science/instructional-assistants.html,programs,    2026-04-14
1274,https://students.wlu.ca/programs/arts/political-science/course-offerings/registration-information.html,programs,    2026-06-23
1275,https://students.wlu.ca/programs/arts/political-science/course-offerings/graduate.html,programs,    2026-06-16
1276,https://students.wlu.ca/programs/arts/political-science/course-offerings/index.html,programs,    2026-06-23
1277,https://students.wlu.ca/programs/arts/political-science/program-requirements.html,programs,    2026-06-23
1278,https://students.wlu.ca/programs/arts/political-science/index.html,programs,    2026-06-23
1279,https://students.wlu.ca/programs/arts/political-science/programs/certificate-in-practical-politics.html,programs,    2025-09-11
1280,https://students.wlu.ca/programs/arts/political-science/programs/index.html,programs,    2026-06-23
1281,https://students.wlu.ca/programs/arts/religion-and-culture/faculty-and-staff.html,programs,    2026-07-15
1282,https://students.wlu.ca/programs/arts/religion-and-culture/muslim-studies-option.html,programs,    2026-06-24
1283,https://students.wlu.ca/programs/arts/religion-and-culture/course-offerings.html,programs,    2026-06-24
1284,https://students.wlu.ca/programs/arts/religion-and-culture/program-requirements.html,programs,    2026-07-24
1285,https://students.wlu.ca/programs/arts/religion-and-culture/doctoral-program/current-doctoral-students.html,programs,    2026-07-24
1286,https://students.wlu.ca/programs/arts/religion-and-culture/doctoral-program/index.html,programs,    2026-07-24
1287,https://students.wlu.ca/programs/arts/religion-and-culture/masters-program/index.html,programs,    2024-07-23
1288,https://students.wlu.ca/programs/arts/religion-and-culture/undergraduate-programs.html,programs,    2025-10-09
1289,https://students.wlu.ca/programs/arts/religion-and-culture/index.html,programs,    2024-11-25
1290,https://students.wlu.ca/programs/arts/sociology/faculty-and-staff.html,programs,    2026-07-28
1291,https://students.wlu.ca/programs/arts/sociology/student-groups.html,programs,    2025-01-09
1292,https://students.wlu.ca/programs/arts/sociology/instructional-assistantships.html,programs,    2026-02-20
1293,https://students.wlu.ca/programs/arts/sociology/applied-social-research.html,programs,    2026-03-20
1294,https://students.wlu.ca/programs/arts/sociology/course-offerings.html,programs,    2026-06-15
1295,https://students.wlu.ca/programs/arts/sociology/program-requirements.html,programs,    2026-05-11
1296,https://students.wlu.ca/programs/arts/sociology/learning-outcomes.html,programs,    2023-06-20
1297,https://students.wlu.ca/programs/arts/sociology/index.html,programs,    2026-06-08
1298,https://students.wlu.ca/programs/arts/women-and-gender-studies/faculty-and-staff.html,programs,    2026-07-15
1299,https://students.wlu.ca/programs/arts/women-and-gender-studies/student-groups.html,programs,    2026-07-09
1300,https://students.wlu.ca/programs/arts/women-and-gender-studies/awards-and-scholarships.html,programs,    2021-08-18
1301,https://students.wlu.ca/programs/arts/women-and-gender-studies/learning-objectives.html,programs,    2016-05-09
1302,https://students.wlu.ca/programs/arts/women-and-gender-studies/course-offerings.html,programs,    2026-06-24
1303,https://students.wlu.ca/programs/arts/women-and-gender-studies/program-requirements.html,programs,    2026-07-15
1304,https://students.wlu.ca/programs/arts/women-and-gender-studies/index.html,programs,    2023-09-21
1305,https://students.wlu.ca/programs/arts/cast/faculty-and-staff.html,programs,    2026-05-08
1306,https://students.wlu.ca/programs/arts/cast/course-offerings.html,programs,    2026-05-22
1307,https://students.wlu.ca/programs/arts/cast/program-requirements.html,programs,    2018-06-05
1308,https://students.wlu.ca/programs/arts/cast/index.html,programs,    2017-05-26
1309,https://students.wlu.ca/programs/arts/international-education-studies/faculty-and-staff.html,programs,    2026-05-20
1310,https://students.wlu.ca/programs/arts/international-education-studies/placements.html,programs,    2026-05-20
1311,https://students.wlu.ca/programs/arts/international-education-studies/course-offerings.html,programs,    2026-05-20
1312,https://students.wlu.ca/programs/arts/international-education-studies/program-requirements.html,programs,    2026-05-21
1313,https://students.wlu.ca/programs/arts/international-education-studies/index.html,programs,    2024-03-11
1314,https://students.wlu.ca/programs/lazaridis-school/index.html,programs,    2026-04-15
1315,https://students.wlu.ca/programs/lazaridis-school/business/faculty-and-staff.html,programs,    2022-05-27
1316,https://students.wlu.ca/programs/lazaridis-school/business/research-participation-system.html,programs,    2019-07-26
1317,https://students.wlu.ca/programs/lazaridis-school/business/designation-programs.html,programs,    2025-06-18
1318,https://students.wlu.ca/programs/lazaridis-school/business/graduate-programs/management/fields.html,programs,    2026-06-01
1319,https://students.wlu.ca/programs/lazaridis-school/business/graduate-programs/management/index.html,programs,    2023-08-15
1320,https://students.wlu.ca/programs/lazaridis-school/business/graduate-programs/index.html,programs,    2021-12-10
1321,https://students.wlu.ca/programs/lazaridis-school/business/graduate-programs/finance/career-services.html,programs,    2025-06-19
1322,https://students.wlu.ca/programs/lazaridis-school/business/graduate-programs/finance/incoming-student-support.html,programs,    2026-05-15
1323,https://students.wlu.ca/programs/lazaridis-school/business/graduate-programs/finance/faculty-and-staff.html,programs,    2020-09-24
1324,https://students.wlu.ca/programs/lazaridis-school/business/graduate-programs/finance/seminar-and-speaker-series.html,programs,    2024-12-18
1325,https://students.wlu.ca/programs/lazaridis-school/business/graduate-programs/finance/lgsif.html,programs,    2025-06-19
1326,https://students.wlu.ca/programs/lazaridis-school/business/graduate-programs/finance/course-offerings.html,programs,    2025-12-16
1327,https://students.wlu.ca/programs/lazaridis-school/business/graduate-programs/finance/program-requirements.html,programs,    2025-08-25
1328,https://students.wlu.ca/programs/lazaridis-school/business/graduate-programs/finance/index.html,programs,    2025-06-19
1329,https://students.wlu.ca/programs/lazaridis-school/business/graduate-programs/finance/assets/resources/thinking-of-switching-programs-or-campus-locations.html,programs,    2023-12-06
1330,https://students.wlu.ca/programs/lazaridis-school/business/graduate-programs/business-administration/faculty-and-staff.html,programs,    2021-07-29
1331,https://students.wlu.ca/programs/lazaridis-school/business/graduate-programs/business-administration/career-services.html,programs,    2025-06-13
1332,https://students.wlu.ca/programs/lazaridis-school/business/graduate-programs/business-administration/awards-and-scholarships.html,programs,    2025-06-13
1333,https://students.wlu.ca/programs/lazaridis-school/business/graduate-programs/business-administration/specializations.html,programs,    2025-01-28
1334,https://students.wlu.ca/programs/lazaridis-school/business/graduate-programs/business-administration/course-offerings.html,programs,    2025-12-16
1335,https://students.wlu.ca/programs/lazaridis-school/business/graduate-programs/business-administration/program-requirements.html,programs,    2025-09-03
1336,https://students.wlu.ca/programs/lazaridis-school/business/graduate-programs/business-administration/incoming-student-support.html,programs,    2026-05-15
1337,https://students.wlu.ca/programs/lazaridis-school/business/graduate-programs/business-administration/index.html,programs,    2025-01-28
1338,https://students.wlu.ca/programs/lazaridis-school/business/undergraduate-programs/midterm-schedule.html,programs,    2026-07-24
1339,https://students.wlu.ca/programs/lazaridis-school/business/undergraduate-programs/course-offerings.html,programs,    2026-06-22
1340,https://students.wlu.ca/programs/lazaridis-school/business/undergraduate-programs/program-requirements.html,programs,    2026-07-08
1341,https://students.wlu.ca/programs/lazaridis-school/business/undergraduate-programs/index.html,programs,    2026-05-22
1342,https://students.wlu.ca/programs/lazaridis-school/business/areas/index.html,programs,    2026-04-21
1343,https://students.wlu.ca/programs/lazaridis-school/business/index.html,programs,    2026-02-03
1344,https://students.wlu.ca/programs/lazaridis-school/business/assets/resources/2024-deans-honour-roll.html,programs,    2025-10-20
1345,https://students.wlu.ca/programs/lazaridis-school/business/assets/resources/2023-deans-honour-roll.html,programs,    2025-09-19
1346,https://students.wlu.ca/programs/lazaridis-school/business/assets/resources/2022-deans-honour.html,programs,    2022-11-17
1347,https://students.wlu.ca/programs/lazaridis-school/business/assets/resources/deans-honour-2021.html,programs,    2021-11-04
1348,https://students.wlu.ca/programs/lazaridis-school/business/assets/resources/deans-honour-2020.html,programs,    2020-10-30
1349,https://students.wlu.ca/programs/lazaridis-school/business/assets/resources/deans-honour-2019.html,programs,    2021-02-18
1350,https://students.wlu.ca/programs/lazaridis-school/business/assets/resources/business-midterm-schedule.html,programs,    2026-01-28
1351,https://students.wlu.ca/programs/lazaridis-school/business/assets/resources/deans-honour-2018.html,programs,    2019-11-08
1352,https://students.wlu.ca/programs/lazaridis-school/business/assets/resources/deans-honour-roll-2017.html,programs,    2020-06-22
1353,https://students.wlu.ca/programs/lazaridis-school/business/assets/resources/deans-honour-roll-spring-2016.html,programs,    2017-04-28
1354,https://students.wlu.ca/programs/lazaridis-school/business/assets/resources/how-to-calculate-gpa.html,programs,    2023-01-09
1355,https://students.wlu.ca/programs/lazaridis-school/business/assets/resources/deans-honours-roll-fall-2016.html,programs,    2022-07-11
1356,https://students.wlu.ca/programs/lazaridis-school/economics/faculty-and-staff.html,programs,    2023-07-07
1357,https://students.wlu.ca/programs/lazaridis-school/economics/research/seminar-series.html,programs,    2026-04-16
1358,https://students.wlu.ca/programs/lazaridis-school/economics/research/publications.html,programs,    2023-07-07
1359,https://students.wlu.ca/programs/lazaridis-school/economics/research/index.html,programs,    2026-04-20
1360,https://students.wlu.ca/programs/lazaridis-school/economics/research/faculty-specializations.html,programs,    2025-09-11
1361,https://students.wlu.ca/programs/lazaridis-school/economics/masters-program/funding.html,programs,    2026-03-04
1362,https://students.wlu.ca/programs/lazaridis-school/economics/masters-program/student-research.html,programs,    2022-06-10
1363,https://students.wlu.ca/programs/lazaridis-school/economics/masters-program/course-offerings.html,programs,    2025-04-28
1364,https://students.wlu.ca/programs/lazaridis-school/economics/masters-program/program-requirements.html,programs,    2022-06-01
1365,https://students.wlu.ca/programs/lazaridis-school/economics/masters-program/index.html,programs,    2023-07-06
1366,https://students.wlu.ca/programs/lazaridis-school/economics/index.html,programs,    2026-02-02
1367,https://students.wlu.ca/programs/lazaridis-school/economics/assets/resources/course-outlines/2019/fall/ec250ab-intermediate-macroeconomic-analysis-for-management-fall-2019.html,programs,    2019-12-04
1368,https://students.wlu.ca/programs/lazaridis-school/economics/assets/resources/course-outlines/2019/fall/ec249ab-international-finance-fall-2019.html,programs,    2019-12-04
1369,https://students.wlu.ca/programs/lazaridis-school/economics/assets/resources/course-outlines/2019/fall/ec247a-historical-development-of-the-international-economy-fall-2019.html,programs,    2019-11-21
1370,https://students.wlu.ca/programs/lazaridis-school/economics/assets/resources/course-outlines/2019/fall/ec238a-environmental-economics-fall-2019.html,programs,    2019-11-21
1371,https://students.wlu.ca/programs/lazaridis-school/economics/assets/resources/course-outlines/2019/fall/ec233a-public-economics-expenditure-fall-2019.html,programs,    2019-11-20
1372,https://students.wlu.ca/programs/lazaridis-school/economics/assets/resources/course-outlines/2019/fall/ec223ab-economics-of-the-canadian-banking-and-financial-system-fall-2019.html,programs,    2019-09-27
1373,https://students.wlu.ca/programs/lazaridis-school/economics/assets/resources/course-outlines/2019/fall/ec120abc-introduction-to-microeconomics-fall-2019.html,programs,    2019-09-27
1374,https://students.wlu.ca/programs/lazaridis-school/economics/undergraduate-programs/midterm-schedule.html,programs,    2026-07-24
1375,https://students.wlu.ca/programs/lazaridis-school/economics/undergraduate-programs/course-offerings.html,programs,    2026-06-22
1376,https://students.wlu.ca/programs/lazaridis-school/economics/undergraduate-programs/program-requirements.html,programs,    2026-05-26
1377,https://students.wlu.ca/programs/lazaridis-school/economics/undergraduate-programs/index.html,programs,    2026-05-25
1378,https://students.wlu.ca/programs/lazaridis-school/btm/faculty-and-staff.html,programs,    2016-07-14
1379,https://students.wlu.ca/programs/lazaridis-school/btm/cooperative-education-option.html,programs,    2016-06-30
1380,https://students.wlu.ca/programs/lazaridis-school/btm/course-offerings.html,programs,    2026-06-22
1381,https://students.wlu.ca/programs/lazaridis-school/btm/program-requirements.html,programs,    2026-05-28
1382,https://students.wlu.ca/programs/lazaridis-school/btm/index.html,programs,    2023-09-19
1383,https://students.wlu.ca/programs/lazaridis-school/funds/lsif/alumni.html,programs,    2026-05-07
1384,https://students.wlu.ca/programs/lazaridis-school/funds/lsif/team.html,programs,    2026-05-07
1385,https://students.wlu.ca/programs/lazaridis-school/funds/lsif/index.html,programs,    2026-05-07
1386,https://students.wlu.ca/programs/science/geography-and-environmental-studies/faculty-and-staff.html,programs,    2026-07-28
1387,https://students.wlu.ca/programs/science/geography-and-environmental-studies/research-centres-and-institutes.html,programs,    2026-05-15
1388,https://students.wlu.ca/programs/science/geography-and-environmental-studies/scholarships.html,programs,    2018-04-23
1389,https://students.wlu.ca/programs/science/geography-and-environmental-studies/fieldwork.html,programs,    2020-11-13
1390,https://students.wlu.ca/programs/science/geography-and-environmental-studies/programs-and-courses/index.html,programs,    2025-11-24
1391,https://students.wlu.ca/programs/science/geography-and-environmental-studies/index.html,programs,    2026-07-13
1392,https://students.wlu.ca/programs/science/geography-and-environmental-studies/assets/resources/postdoctoral-fellows.html,programs,    2021-06-02
1393,https://students.wlu.ca/programs/science/index.html,programs,    2026-04-15
1394,https://students.wlu.ca/programs/science/psychology/faculty-and-staff.html,programs,    2026-07-17
1395,https://students.wlu.ca/programs/science/psychology/research/psychology-research-experience-program.html,programs,    2026-04-29
1396,https://students.wlu.ca/programs/science/psychology/research/faculty-research-interests.html,programs,    2025-04-25
1397,https://students.wlu.ca/programs/science/psychology/research/index.html,programs,    2023-10-13
1398,https://students.wlu.ca/programs/science/psychology/index.html,programs,    2026-06-11
1399,https://students.wlu.ca/programs/science/psychology/assets/images/laurier-doctoral-student-in-community-psychology-wins-prestigious-vanier-scholarship.html,programs,    2019-05-21
1400,https://students.wlu.ca/programs/science/psychology/assets/images/laurier-lecturer-to-explore-journey-of-reconciliation-at-friends-and-neighbours-speaker-series.html,programs,    2019-01-30
1401,https://students.wlu.ca/programs/science/psychology/assets/resources/psychology-department-guidelines-for-comprehensive-requirements-ps891-and-ps892.html,programs,    2025-11-20
1402,https://students.wlu.ca/programs/science/psychology/assets/resources/guidelines-to-writing-a-personal-statement-for-an-honours-thesis-application.html,programs,    2024-11-13
1403,https://students.wlu.ca/programs/science/psychology/assets/resources/reasons-why-you-should-do-an-honours-thesis.html,programs,    2023-12-19
1404,https://students.wlu.ca/programs/science/psychology/assets/resources/apply-now-for-ps499.html,programs,    2026-01-26
1405,https://students.wlu.ca/programs/science/psychology/assets/resources/apply-now-for-ps492.html,programs,    2026-02-10
1406,https://students.wlu.ca/programs/science/psychology/doctoral-students/course-offerings.html,programs,    2025-10-28
1407,https://students.wlu.ca/programs/science/psychology/doctoral-students/program-requirements.html,programs,    2025-10-28
1408,https://students.wlu.ca/programs/science/psychology/doctoral-students/index.html,programs,    2024-07-18
1409,https://students.wlu.ca/programs/science/psychology/masters-students/funding.html,programs,    2025-11-20
1410,https://students.wlu.ca/programs/science/psychology/masters-students/course-offerings.html,programs,    2025-04-04
1411,https://students.wlu.ca/programs/science/psychology/masters-students/program-requirements.html,programs,    2025-10-28
1412,https://students.wlu.ca/programs/science/psychology/masters-students/index.html,programs,    2024-08-07
1413,https://students.wlu.ca/programs/science/psychology/undergraduate-students/honours-thesis.html,programs,    2024-11-26
1414,https://students.wlu.ca/programs/science/psychology/undergraduate-students/academic-advising.html,programs,    2026-03-20
1415,https://students.wlu.ca/programs/science/psychology/undergraduate-students/course-offerings.html,programs,    2025-04-08
1416,https://students.wlu.ca/programs/science/psychology/undergraduate-students/program-requirements.html,programs,    2025-07-03
1417,https://students.wlu.ca/programs/science/psychology/undergraduate-students/index.html,programs,    2025-04-08
1418,https://students.wlu.ca/programs/science/honours-science/index.html,programs,    2024-10-18
1419,https://students.wlu.ca/programs/science/honours-science/faculty-and-staff.html,programs,    2026-03-03
1420,https://students.wlu.ca/programs/science/honours-science/awards-and-funding.html,programs,    2026-03-05
1421,https://students.wlu.ca/programs/science/honours-science/program-requirements.html,programs,    2025-06-11
1422,https://students.wlu.ca/programs/science/biology/faculty-and-staff.html,programs,    2026-07-28
1423,https://students.wlu.ca/programs/science/biology/research/publications.html,programs,    2025-11-05
1424,https://students.wlu.ca/programs/science/biology/research/biology-seminar-series.html,programs,    2026-04-24
1425,https://students.wlu.ca/programs/science/biology/research/faculty-research-interests.html,programs,    2026-07-28
1426,https://students.wlu.ca/programs/science/biology/research/index.html,programs,    2026-07-24
1427,https://students.wlu.ca/programs/science/biology/graduate-students/graduate-student-representatives.html,programs,    2017-11-03
1428,https://students.wlu.ca/programs/science/biology/graduate-students/scholarships-and-awards.html,programs,    2025-04-04
1429,https://students.wlu.ca/programs/science/biology/graduate-students/thesis.html,programs,    2021-06-21
1430,https://students.wlu.ca/programs/science/biology/graduate-students/course-offerings.html,programs,    2025-12-16
1431,https://students.wlu.ca/programs/science/biology/graduate-students/program-requirements.html,programs,    2021-06-21
1432,https://students.wlu.ca/programs/science/biology/graduate-students/index.html,programs,    2026-07-28
1433,https://students.wlu.ca/programs/science/biology/index.html,programs,    2026-02-11
1434,https://students.wlu.ca/programs/science/biology/assets/resources/biology-course-override-requests.html,programs,    2026-06-11
1435,https://students.wlu.ca/programs/science/biology/assets/resources/biology-inclusion-diversity-equity-and-accessibility-committee.html,programs,    2026-02-12
1436,https://students.wlu.ca/programs/science/biology/undergraduate-students/scholarships-and-awards.html,programs,    2026-04-01
1437,https://students.wlu.ca/programs/science/biology/undergraduate-students/academic-advising.html,programs,    2026-03-27
1438,https://students.wlu.ca/programs/science/biology/undergraduate-students/course-offerings.html,programs,    2026-03-06
1439,https://students.wlu.ca/programs/science/biology/undergraduate-students/program-requirements.html,programs,    2025-06-16
1440,https://students.wlu.ca/programs/science/biology/undergraduate-students/index.html,programs,    2026-03-06
1441,https://students.wlu.ca/programs/science/chemistry-and-biochemistry/faculty-and-staff.html,programs,    2026-06-18
1442,https://students.wlu.ca/programs/science/chemistry-and-biochemistry/getting-involved.html,programs,    2026-03-05
1443,https://students.wlu.ca/programs/science/chemistry-and-biochemistry/resources.html,programs,    2024-09-27
1444,https://students.wlu.ca/programs/science/chemistry-and-biochemistry/research/seminar-series.html,programs,    2026-03-03
1445,https://students.wlu.ca/programs/science/chemistry-and-biochemistry/research/faculty-research-interests.html,programs,    2025-07-30
1446,https://students.wlu.ca/programs/science/chemistry-and-biochemistry/research/index.html,programs,    2024-09-27
1447,https://students.wlu.ca/programs/science/chemistry-and-biochemistry/index.html,programs,    2025-07-28
1448,https://students.wlu.ca/programs/science/chemistry-and-biochemistry/masters-students/awards-and-funding.html,programs,    2025-12-17
1449,https://students.wlu.ca/programs/science/chemistry-and-biochemistry/masters-students/index.html,programs,    2024-07-10
1450,https://students.wlu.ca/programs/science/chemistry-and-biochemistry/masters-students/program-requirements.html,programs,    2025-04-04
1451,https://students.wlu.ca/programs/science/chemistry-and-biochemistry/undergraduate-students/awards-and-funding.html,programs,    2025-01-07
1452,https://students.wlu.ca/programs/science/chemistry-and-biochemistry/undergraduate-students/departmental-policies.html,programs,    2026-02-24
1453,https://students.wlu.ca/programs/science/chemistry-and-biochemistry/undergraduate-students/program-expectations.html,programs,    2017-08-23
1454,https://students.wlu.ca/programs/science/chemistry-and-biochemistry/undergraduate-students/program-requirements.html,programs,    2025-07-25
1455,https://students.wlu.ca/programs/science/chemistry-and-biochemistry/undergraduate-students/index.html,programs,    2024-09-27
1456,https://students.wlu.ca/programs/science/chemistry-and-biochemistry/undergraduate-students/advising.html,programs,    2024-09-27
1457,https://students.wlu.ca/programs/science/health-sciences/faculty-and-staff.html,programs,    2026-07-13
1458,https://students.wlu.ca/programs/science/health-sciences/getting-involved.html,programs,    2017-09-21
1459,https://students.wlu.ca/programs/science/health-sciences/research-resources.html,programs,    2018-01-23
1460,https://students.wlu.ca/programs/science/health-sciences/assets/resources/further-education.html,programs,    2025-10-15
1461,https://students.wlu.ca/programs/science/health-sciences/assets/resources/midterm-examination-policy.html,programs,    2026-01-26
1462,https://students.wlu.ca/programs/science/health-sciences/index.html,programs,    2025-09-16
1463,https://students.wlu.ca/programs/science/health-sciences/graduate-students/course-offerings.html,programs,    2023-08-08
1464,https://students.wlu.ca/programs/science/health-sciences/graduate-students/program-requirements.html,programs,    2023-08-08
1465,https://students.wlu.ca/programs/science/health-sciences/graduate-students/index.html,programs,    2024-04-02
1466,https://students.wlu.ca/programs/science/health-sciences/undergraduate-students/paramedicine.html,programs,    2025-10-15
1467,https://students.wlu.ca/programs/science/health-sciences/undergraduate-students/health-sciences.html,programs,    2026-01-16
1468,https://students.wlu.ca/programs/science/health-sciences/undergraduate-students/course-offerings.html,programs,    2026-06-19
1469,https://students.wlu.ca/programs/science/health-sciences/undergraduate-students/academic-advising.html,programs,    2026-03-20
1470,https://students.wlu.ca/programs/science/health-sciences/undergraduate-students/index.html,programs,    2026-01-26
1471,https://students.wlu.ca/programs/science/kinesiology-and-physical-education/faculty-and-staff.html,programs,    2026-05-11
1472,https://students.wlu.ca/programs/science/kinesiology-and-physical-education/research.html,programs,    2026-01-09
1473,https://students.wlu.ca/programs/science/kinesiology-and-physical-education/index.html,programs,    2023-09-21
1474,https://students.wlu.ca/programs/science/kinesiology-and-physical-education/doctoral-students/comprehensive-exam.html,programs,    2021-06-17
1475,https://students.wlu.ca/programs/science/kinesiology-and-physical-education/doctoral-students/doctoral-dissertation.html,programs,    2024-12-18
1476,https://students.wlu.ca/programs/science/kinesiology-and-physical-education/doctoral-students/program-requirements.html,programs,    2025-09-05
1477,https://students.wlu.ca/programs/science/kinesiology-and-physical-education/doctoral-students/index.html,programs,    2021-06-17
1478,https://students.wlu.ca/programs/science/kinesiology-and-physical-education/graduate-students/graduate-awards-and-scholarships.html,programs,    2025-09-05
1479,https://students.wlu.ca/programs/science/kinesiology-and-physical-education/graduate-students/funding.html,programs,    2021-09-30
1480,https://students.wlu.ca/programs/science/kinesiology-and-physical-education/graduate-students/mkin-thesis.html,programs,    2025-11-04
1481,https://students.wlu.ca/programs/science/kinesiology-and-physical-education/graduate-students/program-requirements.html,programs,    2025-07-30
1482,https://students.wlu.ca/programs/science/kinesiology-and-physical-education/graduate-students/index.html,programs,    2021-09-30
1483,https://students.wlu.ca/programs/science/kinesiology-and-physical-education/undergraduate-students/awards.html,programs,    2026-07-21
1484,https://students.wlu.ca/programs/science/kinesiology-and-physical-education/undergraduate-students/course-offerings.html,programs,    2026-07-21
1485,https://students.wlu.ca/programs/science/kinesiology-and-physical-education/undergraduate-students/program-requirements.html,programs,    2026-06-17
1486,https://students.wlu.ca/programs/science/kinesiology-and-physical-education/undergraduate-students/advising.html,programs,    2026-03-11
1487,https://students.wlu.ca/programs/science/kinesiology-and-physical-education/undergraduate-students/index.html,programs,    2025-01-29
1488,https://students.wlu.ca/programs/science/mathematics/faculty-and-staff.html,programs,    2026-05-06
1489,https://students.wlu.ca/programs/science/mathematics/research.html,programs,    2024-07-04
1490,https://students.wlu.ca/programs/science/mathematics/getting-involved.html,programs,    2024-06-25
1491,https://students.wlu.ca/programs/science/mathematics/departmental-policies.html,programs,    2022-06-22
1492,https://students.wlu.ca/programs/science/mathematics/graduate-students/job-opportunities.html,programs,    2024-08-26
1493,https://students.wlu.ca/programs/science/mathematics/graduate-students/theses-and-major-research-projects.html,programs,    2024-05-09
1494,https://students.wlu.ca/programs/science/mathematics/graduate-students/advisors-and-supervisors.html,programs,    2024-06-25
1495,https://students.wlu.ca/programs/science/mathematics/graduate-students/course-offerings.html,programs,    2026-07-07
1496,https://students.wlu.ca/programs/science/mathematics/graduate-students/program-requirements.html,programs,    2024-06-25
1497,https://students.wlu.ca/programs/science/mathematics/graduate-students/index.html,programs,    2026-04-28
1498,https://students.wlu.ca/programs/science/mathematics/index.html,programs,    2024-08-26
1499,https://students.wlu.ca/programs/science/mathematics/assets/resources/course-outlines/fall/data100a-introduction-to-data-analytics.html,programs,    2020-11-12
1500,https://students.wlu.ca/programs/science/mathematics/assets/resources/course-outlines/fall/st361a-mathematical-statistics.html,programs,    2020-12-01
1501,https://students.wlu.ca/programs/science/mathematics/assets/resources/course-outlines/fall/ma641-advanced-theory-of-statistics.html,programs,    2020-01-15
1502,https://students.wlu.ca/programs/science/mathematics/assets/resources/course-outlines/fall/st230a-introduction-to-probability-and-statistics-for-science.html,programs,    2020-12-01
1503,https://students.wlu.ca/programs/science/mathematics/assets/resources/course-outlines/fall/ma880a-graduate-seminar-in-mathematical-and-statistical-modelling.html,programs,    2020-01-15
1504,https://students.wlu.ca/programs/science/mathematics/assets/resources/course-outlines/fall/ma680a-seminar-in-mathematical-modelling-in-finance-and-science.html,programs,    2020-01-15
1505,https://students.wlu.ca/programs/science/mathematics/assets/resources/course-outlines/fall/ma201a-multivariable-calculus.html,programs,    2020-11-30
1506,https://students.wlu.ca/programs/science/mathematics/assets/resources/course-outlines/fall/ma104a-calculus-ii.html,programs,    2020-11-13
1507,https://students.wlu.ca/programs/science/mathematics/assets/resources/course-outlines/fall/ma455a-partial-differential-equations.html,programs,    2020-12-01
1508,https://students.wlu.ca/programs/science/mathematics/assets/resources/course-outlines/fall/ma651a-stochastic-analysis.html,programs,    2020-01-15
1509,https://students.wlu.ca/programs/science/mathematics/assets/resources/course-outlines/fall/ma451a-introduction-to-stochastic-calculus.html,programs,    2020-12-01
1510,https://students.wlu.ca/programs/science/mathematics/assets/resources/course-outlines/fall/ma304a-introduction-to-complex-analysis.html,programs,    2020-12-01
1511,https://students.wlu.ca/programs/science/mathematics/assets/resources/course-outlines/fall/ma250a-introduction-to-analysis.html,programs,    2020-01-15
1512,https://students.wlu.ca/programs/science/mathematics/assets/resources/course-outlines/fall/ma323a-introductions-to-groups-and-rings.html,programs,    2020-12-01
1513,https://students.wlu.ca/programs/science/mathematics/assets/resources/course-outlines/fall/ma222a-linear-algebra.html,programs,    2020-11-30
1514,https://students.wlu.ca/programs/science/mathematics/assets/resources/course-outlines/fall/ma170a-introduction-to-mathematics-for-finance.html,programs,    2020-11-13
1515,"https://students.wlu.ca/programs/science/mathematics/assets/resources/course-outlines/fall/ma122a,-b-and-c-introductory-linear-algebra.html",programs,    2020-11-13
1516,https://students.wlu.ca/programs/science/mathematics/assets/resources/course-outlines/fall/ma422a-advanced-linear-algebra.html,programs,    2020-12-01
1517,https://students.wlu.ca/programs/science/mathematics/assets/resources/course-outlines/fall/ma215a-set-theory.html,programs,    2020-11-30
1518,"https://students.wlu.ca/programs/science/mathematics/assets/resources/course-outlines/fall/ma121a,-b-and-c-introduction-to-mathematical-proofs.html",programs,    2020-11-13
1519,"https://students.wlu.ca/programs/science/mathematics/assets/resources/course-outlines/fall/ma129a,-b-and-c-introductory-calculus-for-business-and-social-sciences-fall-2020.html",programs,    2020-11-13
1520,https://students.wlu.ca/programs/science/mathematics/assets/resources/course-outlines/fall/ma489-honours-seminar.html,programs,    2020-12-01
1521,"https://students.wlu.ca/programs/science/mathematics/assets/resources/course-outlines/fall/ma103a,-b-and-c-calculus-i.html",programs,    2020-11-13
1522,https://students.wlu.ca/programs/science/mathematics/assets/resources/course-outlines/fall/st259a-probability-i.html,programs,    2020-12-01
1523,https://students.wlu.ca/programs/science/mathematics/assets/resources/course-outlines/fall/ma205a-differential-equations-i.html,programs,    2020-11-30
1524,https://students.wlu.ca/programs/science/mathematics/assets/resources/course-outlines/fall/ma307a-numerical-analysis.html,programs,    2020-12-01
1525,https://students.wlu.ca/programs/science/mathematics/assets/resources/course-outlines/fall/ma305a-differential-equations-ii.html,programs,    2020-12-01
1526,https://students.wlu.ca/programs/science/mathematics/assets/resources/course-outlines/fall/ma100a-and-b-introductory-calculus-for-the-natural-sciences.html,programs,    2020-12-04
1527,https://students.wlu.ca/programs/science/mathematics/assets/resources/course-outlines/fall/ma686i-quantitative-financial-risk-management.html,programs,    2020-12-01
1528,https://students.wlu.ca/programs/science/mathematics/assets/resources/course-outlines/fall/ma477a-quantitative-financial-risk-management.html,programs,    2020-12-01
1529,https://students.wlu.ca/programs/science/mathematics/assets/resources/course-outlines/fall/ma238a-discrete-mathematics.html,programs,    2020-11-30
1530,https://students.wlu.ca/programs/science/mathematics/assets/resources/course-outlines/fall/ma570a-financial-mathematics-in-discrete-time.html,programs,    2020-01-15
1531,https://students.wlu.ca/programs/science/mathematics/assets/resources/course-outlines/fall/ma370a-financial-mathematics-ii.html,programs,    2020-12-01
1532,https://students.wlu.ca/programs/science/mathematics/assets/resources/course-outlines/fall/ma287a-mathematical-models-for-natural-sciences.html,programs,    2020-11-30
1533,https://students.wlu.ca/programs/science/mathematics/assets/resources/course-outlines/fall/ma102a-and-b-introduction-to-functions-and-differential-calculus.html,programs,    2020-11-12
1534,https://students.wlu.ca/programs/science/mathematics/assets/resources/course-outlines/fall/st359-probability-ii.html,programs,    2020-12-01
1535,https://students.wlu.ca/programs/science/mathematics/assets/resources/course-outlines/fall/ma235-introduction-to-game-theory.html,programs,    2020-11-30
1536,"https://students.wlu.ca/programs/science/mathematics/assets/resources/course-outlines/fall/sc101a,-b-and-c-essential-skills-for-mathematics.html",programs,    2020-11-13
1537,https://students.wlu.ca/programs/science/mathematics/assets/resources/course-outlines/fall/ma170oc1-introduction-to-mathematics-for-finance.html,programs,    2020-01-15
1538,https://students.wlu.ca/programs/science/mathematics/assets/resources/course-outlines/fall/ma642a-advanced-regression-analysis.html,programs,    2020-01-15
1539,https://students.wlu.ca/programs/science/mathematics/assets/resources/course-outlines/fall/st362a-regression-analysis.html,programs,    2020-12-01
1540,https://students.wlu.ca/programs/science/mathematics/assets/resources/course-outlines/summer/st230a-introduction-to-probability-and-statistics-for-science.html,programs,    2020-05-29
1541,https://students.wlu.ca/programs/science/mathematics/assets/resources/course-outlines/summer/ma686i-quantitative-financial-risk-management.html,programs,    2020-05-29
1542,https://students.wlu.ca/programs/science/mathematics/assets/resources/course-outlines/summer/ma642a-advanced-regression-analysis.html,programs,    2020-05-31
1543,https://students.wlu.ca/programs/science/mathematics/assets/resources/course-outlines/summer/ma201a-multivariable-calculus.html,programs,    2020-05-29
1544,https://students.wlu.ca/programs/science/mathematics/assets/resources/course-outlines/summer/ma101a-calculus-i-for-the-natural-sciences.html,programs,    2020-05-31
1545,https://students.wlu.ca/programs/science/mathematics/assets/resources/course-outlines/summer/ma122a-introductory-linear-algebra.html,programs,    2020-05-29
1546,https://students.wlu.ca/programs/science/mathematics/assets/resources/course-outlines/summer/ma121a-introduction-to-mathematical-proofs.html,programs,    2020-05-28
1547,https://students.wlu.ca/programs/science/mathematics/assets/resources/course-outlines/summer/ma104a-calculus-ii.html,programs,    2020-05-31
1548,https://students.wlu.ca/programs/science/mathematics/assets/resources/course-outlines/summer/ma222a-linear-algebra.html,programs,    2020-01-15
1549,https://students.wlu.ca/programs/science/mathematics/assets/resources/course-outlines/summer/ma129oc1-introductory-calculus-for-business-and-social-sciences.html,programs,    2020-05-29
1550,https://students.wlu.ca/programs/science/mathematics/assets/resources/course-outlines/summer/ma103a-calculus-i.html,programs,    2020-05-31
1551,https://students.wlu.ca/programs/science/mathematics/assets/resources/course-outlines/summer/ma250a-introduction-to-analysis.html,programs,    2020-05-29
1552,https://students.wlu.ca/programs/science/mathematics/assets/resources/course-outlines/summer/ma455a-partial-differential-equations.html,programs,    2020-05-29
1553,https://students.wlu.ca/programs/science/mathematics/assets/resources/course-outlines/summer/ma205a-differential-equations-i.html,programs,    2020-05-29
1554,https://students.wlu.ca/programs/science/mathematics/assets/resources/course-outlines/summer/st259a-probability-i.html,programs,    2020-05-31
1555,https://students.wlu.ca/programs/science/mathematics/assets/resources/course-outlines/summer/st231a-statistical-methods-for-life-and-health-sciences.html,programs,    2020-05-31
1556,https://students.wlu.ca/programs/science/mathematics/assets/resources/course-outlines/summer/st362a-regression-analysis.html,programs,    2020-05-29
1557,https://students.wlu.ca/programs/science/mathematics/assets/resources/course-outlines/summer/ma170oc1-introduction-to-mathematics-for-finance.html,programs,    2020-05-29
1558,"https://students.wlu.ca/programs/science/mathematics/assets/resources/course-outlines/winter/ma101a,-b-calculus-i-for-the-natural-sciences.html",programs,    2020-01-15
1559,https://students.wlu.ca/programs/science/mathematics/assets/resources/course-outlines/winter/ma490a-stochastic-processes.html,programs,    2020-01-15
1560,https://students.wlu.ca/programs/science/mathematics/assets/resources/course-outlines/winter/ma670a-financial-modelling-and-derivative-pricing-in-continuous-time.html,programs,    2020-01-15
1561,https://students.wlu.ca/programs/science/mathematics/assets/resources/course-outlines/winter/ma470a-financial-mathematics-iii.html,programs,    2020-01-15
1562,https://students.wlu.ca/programs/science/mathematics/assets/resources/course-outlines/winter/ma686e-special-topics-topics-in-abstract-algebra.html,programs,    2020-01-15
1563,https://students.wlu.ca/programs/science/mathematics/assets/resources/course-outlines/winter/ma218a-euclidean-geometry.html,programs,    2020-01-15
1564,https://students.wlu.ca/programs/science/mathematics/assets/resources/course-outlines/winter/ma647a-monte-carlo-and-simulation-methods.html,programs,    2020-01-15
1565,https://students.wlu.ca/programs/science/mathematics/assets/resources/course-outlines/winter/st474a-monte-carlo-methods.html,programs,    2020-01-15
1566,https://students.wlu.ca/programs/science/mathematics/assets/resources/course-outlines/winter/ma686h-special-topics-time-series-analysis.html,programs,    2020-01-15
1567,https://students.wlu.ca/programs/science/mathematics/assets/resources/course-outlines/winter/ma492a-time-series-analysis.html,programs,    2020-01-15
1568,https://students.wlu.ca/programs/science/mathematics/assets/resources/course-outlines/winter/ma270a-financial-mathematics-i.html,programs,    2020-01-15
1569,https://students.wlu.ca/programs/science/mathematics/assets/resources/course-outlines/winter/ma100c-introductory-calculus-for-the-natural-sciences.html,programs,    2020-01-15
1570,https://students.wlu.ca/programs/science/mathematics/assets/resources/course-outlines/winter/ma238b-discrete-mathematics.html,programs,    2020-01-15
1571,https://students.wlu.ca/programs/science/mathematics/assets/resources/course-outlines/winter/ma671a-computational-methods-in-finance.html,programs,    2020-01-15
1572,https://students.wlu.ca/programs/science/mathematics/assets/resources/course-outlines/winter/ma471a-computational-methods-in-finance.html,programs,    2020-01-15
1573,https://students.wlu.ca/programs/science/mathematics/assets/resources/course-outlines/winter/ma307b-numerical-analysis.html,programs,    2020-01-15
1574,https://students.wlu.ca/programs/science/mathematics/assets/resources/course-outlines/winter/ma205b-differential-equations-i.html,programs,    2020-01-15
1575,"https://students.wlu.ca/programs/science/mathematics/assets/resources/course-outlines/winter/ma122d,-e-introductory-linear-algebra.html",programs,    2020-01-15
1576,https://students.wlu.ca/programs/science/mathematics/assets/resources/course-outlines/winter/ma665a-mathematical-biology.html,programs,    2020-01-15
1577,https://students.wlu.ca/programs/science/mathematics/assets/resources/course-outlines/winter/ma365a-mathematical-biology.html,programs,    2020-01-15
1578,https://students.wlu.ca/programs/science/mathematics/assets/resources/course-outlines/winter/ma201b-multivariable-calculus.html,programs,    2020-01-15
1579,https://students.wlu.ca/programs/science/mathematics/assets/resources/course-outlines/winter/ma370b-financial-mathematics-ii.html,programs,    2020-01-15
1580,https://students.wlu.ca/programs/science/mathematics/assets/resources/course-outlines/winter/ma317a-number-theory.html,programs,    2020-01-15
1581,https://students.wlu.ca/programs/science/mathematics/assets/resources/course-outlines/winter/ma250b-introduction-to-analysis.html,programs,    2020-01-15
1582,https://students.wlu.ca/programs/science/mathematics/assets/resources/course-outlines/winter/st359b-probability-ii.html,programs,    2020-01-15
1583,https://students.wlu.ca/programs/science/mathematics/assets/resources/course-outlines/winter/ma170oc2-introduction-to-mathematics-for-finance.html,programs,    2020-01-15
1584,"https://students.wlu.ca/programs/science/mathematics/assets/resources/course-outlines/winter/ma121d,-e,-f-introduction-to-mathematical-proofs.html",programs,    2020-01-15
1585,https://students.wlu.ca/programs/science/mathematics/assets/resources/course-outlines/winter/ma475a-ring-and-field-theory.html,programs,    2020-01-15
1586,https://students.wlu.ca/programs/science/mathematics/assets/resources/course-outlines/winter/ma487a-mathematical-modelling-in-the-applied-sciences-and-finance.html,programs,    2020-01-15
1587,https://students.wlu.ca/programs/science/mathematics/assets/resources/course-outlines/winter/ma489-honours-seminar.html,programs,    2020-01-15
1588,https://students.wlu.ca/programs/science/mathematics/assets/resources/course-outlines/winter/ma372a-optimization.html,programs,    2020-01-15
1589,https://students.wlu.ca/programs/science/mathematics/assets/resources/course-outlines/winter/ma338a-graph-theory.html,programs,    2020-01-15
1590,"https://students.wlu.ca/programs/science/mathematics/assets/resources/course-outlines/winter/ma129d,-e-introductory-calculus-for-business-and-social-sciences.html",programs,    2020-01-15
1591,https://students.wlu.ca/programs/science/mathematics/assets/resources/course-outlines/winter/st260-introduction-to-statistics.html,programs,    2020-01-15
1592,"https://students.wlu.ca/programs/science/mathematics/assets/resources/course-outlines/winter/ma103d,-e,-f-calculus-i.html",programs,    2020-01-15
1593,https://students.wlu.ca/programs/science/mathematics/assets/resources/course-outlines/winter/ma273a-introduction-to-actuarial-mathematics.html,programs,    2020-01-15
1594,"https://students.wlu.ca/programs/science/mathematics/assets/resources/course-outlines/winter/st231a,-b-statistical-methods-for-life-and-health-sciences.html",programs,    2020-01-15
1595,https://students.wlu.ca/programs/science/mathematics/assets/resources/course-outlines/winter/ma350a-real-analysis.html,programs,    2020-01-15
1596,"https://students.wlu.ca/programs/science/mathematics/assets/resources/course-outlines/winter/ma104b,-c-calculus-ii.html",programs,    2020-01-15
1597,https://students.wlu.ca/programs/science/mathematics/assets/resources/course-outlines/winter/ma170b-introduction-to-mathematics-for-finance.html,programs,    2020-01-15
1598,https://students.wlu.ca/programs/science/mathematics/assets/resources/course-outlines/winter/data100a-introduction-to-data-analytics.html,programs,    2020-01-15
1599,https://students.wlu.ca/programs/science/mathematics/undergraduate-students/job-opportunities.html,programs,    2026-03-26
1600,https://students.wlu.ca/programs/science/mathematics/undergraduate-students/scholarships-and-awards.html,programs,    2024-05-08
1601,https://students.wlu.ca/programs/science/mathematics/undergraduate-students/course-offerings.html,programs,    2026-07-07
1602,https://students.wlu.ca/programs/science/mathematics/undergraduate-students/program-requirements.html,programs,    2025-02-24
1603,https://students.wlu.ca/programs/science/mathematics/undergraduate-students/index.html,programs,    2024-08-23
1604,https://students.wlu.ca/programs/science/mathematics/undergraduate-students/advising.html,programs,    2026-03-20
1605,https://students.wlu.ca/programs/science/computer-science-and-physics/faculty-and-staff.html,programs,    2026-07-24
1606,https://students.wlu.ca/programs/science/computer-science-and-physics/research.html,programs,    2026-05-06
1607,https://students.wlu.ca/programs/science/computer-science-and-physics/laboratories/lab-safety.html,programs,    2026-05-06
1608,https://students.wlu.ca/programs/science/computer-science-and-physics/laboratories/undergrad-lab-access.html,programs,    2026-05-06
1609,https://students.wlu.ca/programs/science/computer-science-and-physics/laboratories/index.html,programs,    2026-05-06
1610,https://students.wlu.ca/programs/science/computer-science-and-physics/index.html,programs,    2025-10-03
1611,https://students.wlu.ca/programs/science/computer-science-and-physics/graduate-students/student-employment.html,programs,    2026-05-06
1612,https://students.wlu.ca/programs/science/computer-science-and-physics/graduate-students/course-offerings.html,programs,    2026-05-06
1613,https://students.wlu.ca/programs/science/computer-science-and-physics/graduate-students/index.html,programs,    2026-05-06
1614,https://students.wlu.ca/programs/science/computer-science-and-physics/graduate-students/thesis/index.html,programs,    2026-05-06
1615,https://students.wlu.ca/programs/science/computer-science-and-physics/graduate-students/program-requirements/index.html,programs,    2026-05-06
1616,https://students.wlu.ca/programs/science/computer-science-and-physics/undergraduate-students/student-job-opportunities.html,programs,    2026-05-06
1617,https://students.wlu.ca/programs/science/computer-science-and-physics/undergraduate-students/course-offerings.html,programs,    2026-05-06
1618,https://students.wlu.ca/programs/science/computer-science-and-physics/undergraduate-students/program-requirements.html,programs,    2026-05-06
1619,https://students.wlu.ca/programs/science/computer-science-and-physics/undergraduate-students/index.html,programs,    2026-05-06
1620,https://students.wlu.ca/programs/science/water-science-and-environmental-health/faculty-and-staff.html,programs,    2025-08-13
1621,https://students.wlu.ca/programs/science/water-science-and-environmental-health/careers.html,programs,    2023-06-29
1622,https://students.wlu.ca/programs/science/water-science-and-environmental-health/academic-advising.html,programs,    2026-03-27
1623,https://students.wlu.ca/programs/science/water-science-and-environmental-health/research/faculty-research-interests.html,programs,    2025-08-13
1624,https://students.wlu.ca/programs/science/water-science-and-environmental-health/research/index.html,programs,    2021-06-21
1625,https://students.wlu.ca/programs/science/water-science-and-environmental-health/course-offerings.html,programs,    2025-04-04
1626,https://students.wlu.ca/programs/science/water-science-and-environmental-health/program-requirements.html,programs,    2021-06-21
1627,https://students.wlu.ca/programs/science/water-science-and-environmental-health/index.html,programs,    2023-06-29
1628,https://students.wlu.ca/programs/science/environmental-science/faculty-and-staff.html,programs,    2025-08-13
1629,https://students.wlu.ca/programs/science/environmental-science/student-organizations.html,programs,    2026-02-11
1630,https://students.wlu.ca/programs/science/environmental-science/research/faculty-research-interests.html,programs,    2025-08-13
1631,https://students.wlu.ca/programs/science/environmental-science/research/index.html,programs,    2024-03-08
1632,https://students.wlu.ca/programs/science/environmental-science/academic-advising.html,programs,    2026-03-27
1633,https://students.wlu.ca/programs/science/environmental-science/course-offerings.html,programs,    2023-06-29
1634,https://students.wlu.ca/programs/science/environmental-science/program-requirements.html,programs,    2023-06-29
1635,https://students.wlu.ca/programs/science/environmental-science/index.html,programs,    2023-09-21
1636,https://students.wlu.ca/programs/science/biological-and-chemical-sciences/faculty-and-staff/faculty-research-interests.html,programs,    2025-08-13
1637,https://students.wlu.ca/programs/science/biological-and-chemical-sciences/faculty-and-staff/index.html,programs,    2026-04-09
1638,https://students.wlu.ca/programs/science/biological-and-chemical-sciences/lab-safety.html,programs,    2018-07-03
1639,https://students.wlu.ca/programs/science/biological-and-chemical-sciences/awards-and-funding.html,programs,    2025-11-04
1640,https://students.wlu.ca/programs/science/biological-and-chemical-sciences/dissertation/copyright-and-electronic-submission.html,programs,    2017-08-23
1641,https://students.wlu.ca/programs/science/biological-and-chemical-sciences/dissertation/oral-defence-of-the-dissertation.html,programs,    2023-04-11
1642,https://students.wlu.ca/programs/science/biological-and-chemical-sciences/dissertation/dissertation-format.html,programs,    2017-01-13
1643,https://students.wlu.ca/programs/science/biological-and-chemical-sciences/dissertation/proposal-and-qualifying-exam.html,programs,    2019-03-04
1644,https://students.wlu.ca/programs/science/biological-and-chemical-sciences/dissertation/index.html,programs,    2017-08-23
1645,https://students.wlu.ca/programs/science/biological-and-chemical-sciences/course-offerings.html,programs,    2023-09-14
1646,https://students.wlu.ca/programs/science/biological-and-chemical-sciences/program-requirements.html,programs,    2025-01-09
1647,https://students.wlu.ca/programs/science/biological-and-chemical-sciences/index.html,programs,    2025-09-30
1648,https://students.wlu.ca/programs/science/data-science/faculty-and-staff.html,programs,    2026-05-06
1649,https://students.wlu.ca/programs/science/data-science/course-offerings.html,programs,    2026-05-06
1650,https://students.wlu.ca/programs/science/data-science/program-requirements.html,programs,    2024-07-11
1651,https://students.wlu.ca/programs/science/data-science/academic-advising.html,programs,    2024-12-13
1652,https://students.wlu.ca/programs/science/data-science/index.html,programs,    2026-05-06
1653,https://students.wlu.ca/programs/science/mathematical-and-statistical-modelling/faculty-and-staff.html,programs,    2026-05-06
1654,https://students.wlu.ca/programs/science/mathematical-and-statistical-modelling/awards-and-funding.html,programs,    2025-11-04
1655,https://students.wlu.ca/programs/science/mathematical-and-statistical-modelling/dissertation-procedures.html,programs,    2021-06-27
1656,https://students.wlu.ca/programs/science/mathematical-and-statistical-modelling/course-offerings.html,programs,    2021-06-27
1657,https://students.wlu.ca/programs/science/mathematical-and-statistical-modelling/program-requirements.html,programs,    2019-07-19
1658,https://students.wlu.ca/programs/science/mathematical-and-statistical-modelling/index.html,programs,    2024-08-20
1659,https://students.wlu.ca/programs/liberal-arts/user-experience-design/faculty-and-staff.html,programs,    2026-07-21
1660,https://students.wlu.ca/programs/liberal-arts/user-experience-design/course-offerings.html,programs,    2026-03-24
1661,https://students.wlu.ca/programs/liberal-arts/user-experience-design/program-requirements.html,programs,    2026-07-16
1662,https://students.wlu.ca/programs/liberal-arts/user-experience-design/index.html,programs,    2024-07-16
1663,https://students.wlu.ca/programs/liberal-arts/user-experience-design/assets/images/students-seek-green-solutions-as-part-of-laurier-ux-design-for-change-challenge.html,programs,    2021-01-29
1664,https://students.wlu.ca/programs/liberal-arts/index.html,programs,    2026-05-15
1665,https://students.wlu.ca/programs/liberal-arts/youth-and-childrens-studies/faculty-and-staff.html,programs,    2026-07-07
1666,https://students.wlu.ca/programs/liberal-arts/youth-and-childrens-studies/course-offerings.html,programs,    2026-03-24
1667,https://students.wlu.ca/programs/liberal-arts/youth-and-childrens-studies/program-requirements.html,programs,    2025-04-28
1668,https://students.wlu.ca/programs/liberal-arts/youth-and-childrens-studies/index.html,programs,    2023-09-20
1669,https://students.wlu.ca/programs/liberal-arts/history/faculty-and-staff.html,programs,    2026-04-30
1670,https://students.wlu.ca/programs/liberal-arts/history/history-students-association.html,programs,    2025-08-25
1671,https://students.wlu.ca/programs/liberal-arts/history/lecture-series.html,programs,    2025-05-06
1672,https://students.wlu.ca/programs/liberal-arts/history/course-offerings.html,programs,    2026-03-24
1673,https://students.wlu.ca/programs/liberal-arts/history/program-requirements.html,programs,    2026-07-16
1674,https://students.wlu.ca/programs/liberal-arts/history/index.html,programs,    2023-09-20
1675,https://students.wlu.ca/programs/liberal-arts/english/faculty-and-staff.html,programs,    2026-06-30
1676,https://students.wlu.ca/programs/liberal-arts/english/awards.html,programs,    2018-08-07
1677,https://students.wlu.ca/programs/liberal-arts/english/course-offerings.html,programs,    2026-03-24
1678,https://students.wlu.ca/programs/liberal-arts/english/index.html,programs,    2025-10-03
1679,https://students.wlu.ca/programs/liberal-arts/english/program-requirements/index.html,programs,    2026-07-16
1680,https://students.wlu.ca/programs/liberal-arts/human-rights-and-human-diversity/faculty-and-staff.html,programs,    2026-07-07
1681,https://students.wlu.ca/programs/liberal-arts/human-rights-and-human-diversity/after-graduation.html,programs,    2026-07-07
1682,https://students.wlu.ca/programs/liberal-arts/human-rights-and-human-diversity/practical-experience.html,programs,    2026-07-07
1683,https://students.wlu.ca/programs/liberal-arts/human-rights-and-human-diversity/human-resources-management.html,programs,    2026-07-07
1684,https://students.wlu.ca/programs/liberal-arts/human-rights-and-human-diversity/community-and-social-service-management.html,programs,    2026-07-07
1685,https://students.wlu.ca/programs/liberal-arts/human-rights-and-human-diversity/course-offerings.html,programs,    2026-05-15
1686,https://students.wlu.ca/programs/liberal-arts/human-rights-and-human-diversity/program-requirements.html,programs,    2026-07-07
1687,https://students.wlu.ca/programs/liberal-arts/human-rights-and-human-diversity/index.html,programs,    2026-05-15
1688,https://students.wlu.ca/programs/liberal-arts/human-rights-and-human-diversity/assets/resources/award-winning-faculty.html,programs,    2024-01-08
1689,https://students.wlu.ca/programs/liberal-arts/humanities-with-leadership-foundations/faculty-and-staff.html,programs,    2024-02-01
1690,https://students.wlu.ca/programs/liberal-arts/humanities-with-leadership-foundations/careers.html,programs,    2022-07-28
1691,https://students.wlu.ca/programs/liberal-arts/humanities-with-leadership-foundations/course-offerings.html,programs,    2025-12-16
1692,https://students.wlu.ca/programs/liberal-arts/humanities-with-leadership-foundations/program-requirements.html,programs,    2024-07-10
1693,https://students.wlu.ca/programs/liberal-arts/humanities-with-leadership-foundations/index.html,programs,    2022-09-21
1694,https://students.wlu.ca/programs/liberal-arts/indigenous-studies-law-social-justice/faculty-and-staff.html,programs,    2026-07-21
1695,https://students.wlu.ca/programs/liberal-arts/indigenous-studies-law-social-justice/the-circle-room.html,programs,    2024-08-29
1696,https://students.wlu.ca/programs/liberal-arts/indigenous-studies-law-social-justice/course-offerings.html,programs,    2026-03-24
1697,https://students.wlu.ca/programs/liberal-arts/indigenous-studies-law-social-justice/program-requirements.html,programs,    2026-06-09
1698,https://students.wlu.ca/programs/liberal-arts/indigenous-studies-law-social-justice/index.html,programs,    2026-06-09
1699,https://students.wlu.ca/programs/liberal-arts/indigenous-studies-law-social-justice/assets/resources/resources.html,programs,    2023-08-29
1700,https://students.wlu.ca/programs/human-and-social-sciences/index.html,programs,    2026-04-15
1701,https://students.wlu.ca/programs/human-and-social-sciences/criminology/faculty-and-staff.html,programs,    2026-05-20
1702,https://students.wlu.ca/programs/human-and-social-sciences/criminology/criminology-student-association.html,programs,    2020-01-20
1703,https://students.wlu.ca/programs/human-and-social-sciences/criminology/course-offerings.html,programs,    2026-02-20
1704,https://students.wlu.ca/programs/human-and-social-sciences/criminology/program-requirements.html,programs,    2025-08-19
1705,https://students.wlu.ca/programs/human-and-social-sciences/criminology/index.html,programs,    2023-09-19
1706,https://students.wlu.ca/programs/human-and-social-sciences/game-design-and-development/faculty-and-staff.html,programs,    2023-08-15
1707,https://students.wlu.ca/programs/human-and-social-sciences/game-design-and-development/course-offerings.html,programs,    2026-02-20
1708,https://students.wlu.ca/programs/human-and-social-sciences/game-design-and-development/program-requirements.html,programs,    2024-07-10
1709,https://students.wlu.ca/programs/human-and-social-sciences/game-design-and-development/index.html,programs,    2024-05-13
1710,https://students.wlu.ca/programs/human-and-social-sciences/game-design-and-development/assets/resources/game-design-and-development-student-projects.html,programs,    2025-07-09
1711,https://students.wlu.ca/programs/human-and-social-sciences/game-design-and-development/assets/resources/game-design-and-development-student-portfolios.html,programs,    2021-08-16
1712,https://students.wlu.ca/programs/human-and-social-sciences/health-administration/faculty-and-staff.html,programs,    2025-10-09
1713,https://students.wlu.ca/programs/human-and-social-sciences/health-administration/course-offerings.html,programs,    2026-02-20
1714,https://students.wlu.ca/programs/human-and-social-sciences/health-administration/program-requirements.html,programs,    2022-11-29
1715,https://students.wlu.ca/programs/human-and-social-sciences/health-administration/index.html,programs,    2024-08-29
1716,https://students.wlu.ca/programs/human-and-social-sciences/psychology/faculty-and-staff.html,programs,    2025-04-23
1717,https://students.wlu.ca/programs/human-and-social-sciences/psychology/resources.html,programs,    2024-08-26
1718,https://students.wlu.ca/programs/human-and-social-sciences/psychology/academic-advising.html,programs,    2026-02-17
1719,https://students.wlu.ca/programs/human-and-social-sciences/psychology/course-offerings.html,programs,    2026-07-21
1720,https://students.wlu.ca/programs/human-and-social-sciences/psychology/program-requirements.html,programs,    2025-04-23
1721,https://students.wlu.ca/programs/human-and-social-sciences/psychology/assets/resources/uu499-br-thesis-course.html,programs,    2026-05-15
1722,https://students.wlu.ca/programs/human-and-social-sciences/psychology/index.html,programs,    2023-09-19
1723,https://students.wlu.ca/programs/human-and-social-sciences/policing/faculty-and-staff.html,programs,    2025-03-04
1724,https://students.wlu.ca/programs/human-and-social-sciences/policing/course-offerings.html,programs,    2026-02-20
1725,https://students.wlu.ca/programs/human-and-social-sciences/policing/index.html,programs,    2023-09-19
1726,https://students.wlu.ca/programs/human-and-social-sciences/policing/program-requirements.html,programs,    2025-07-08
1727,https://students.wlu.ca/programs/human-and-social-sciences/community-health/faculty-and-staff.html,programs,    2026-03-31
1728,https://students.wlu.ca/programs/human-and-social-sciences/community-health/course-offerings.html,programs,    2026-02-20
1729,https://students.wlu.ca/programs/human-and-social-sciences/community-health/program-requirements.html,programs,    2023-11-02
1730,https://students.wlu.ca/programs/human-and-social-sciences/community-health/index.html,programs,    2024-08-23
1731,https://students.wlu.ca/programs/human-and-social-sciences/leadership/faculty-and-staff.html,programs,    2025-07-07
1732,https://students.wlu.ca/programs/human-and-social-sciences/leadership/youth-leaders-on-board.html,programs,    2026-06-04
1733,https://students.wlu.ca/programs/human-and-social-sciences/leadership/course-offerings.html,programs,    2026-02-20
1734,https://students.wlu.ca/programs/human-and-social-sciences/leadership/program-requirements.html,programs,    2025-09-19
1735,https://students.wlu.ca/programs/human-and-social-sciences/leadership/index.html,programs,    2024-10-17
1736,https://students.wlu.ca/programs/human-and-social-sciences/public-safety/faculty-and-staff.html,programs,    2025-03-04
1737,https://students.wlu.ca/programs/human-and-social-sciences/public-safety/careers.html,programs,    2020-05-29
1738,https://students.wlu.ca/programs/human-and-social-sciences/public-safety/course-offerings.html,programs,    2026-02-17
1739,https://students.wlu.ca/programs/human-and-social-sciences/public-safety/program-requirements.html,programs,    2025-07-08
1740,https://students.wlu.ca/programs/human-and-social-sciences/public-safety/index.html,programs,    2025-03-04
1741,https://students.wlu.ca/programs/human-and-social-sciences/global-crime-and-justice-certificate/faculty-and-staff.html,programs,    2026-06-26
1742,https://students.wlu.ca/programs/human-and-social-sciences/global-crime-and-justice-certificate/course-offerings.html,programs,    2025-04-04
1743,https://students.wlu.ca/programs/human-and-social-sciences/global-crime-and-justice-certificate/certificate-requirements.html,programs,    2023-10-06
1744,https://students.wlu.ca/programs/human-and-social-sciences/global-crime-and-justice-certificate/index.html,programs,    2026-04-09
1745,https://students.wlu.ca/programs/music/faculty-and-staff.html,programs,    2026-06-11
1746,https://students.wlu.ca/programs/music/student-associations.html,programs,    2025-09-16
1747,https://students.wlu.ca/programs/music/student-jobs.html,programs,    2026-05-06
1748,https://students.wlu.ca/programs/music/ensemble-auditions.html,programs,    2026-07-17
1749,https://students.wlu.ca/programs/music/policies/index.html,programs,    2025-11-19
1750,https://students.wlu.ca/programs/music/program-requirements.html,programs,    2025-07-09
1751,https://students.wlu.ca/programs/music/assets/resources/piano-policies.html,programs,    2026-02-20
1752,https://students.wlu.ca/programs/music/assets/resources/long-term-suzuki-pedagogy-program-for-laurier-bachelor-of-music-students.html,programs,    2024-12-17
1753,https://students.wlu.ca/programs/music/assets/resources/laurier-conducting-symposium-institute.html,programs,    2023-05-31
1754,https://students.wlu.ca/programs/music/assets/resources/navigating-the-music-industry-ecosystem-certificate.html,programs,    2023-05-30
1755,https://students.wlu.ca/programs/music/assets/resources/course-delivery-information.html,programs,    2022-07-05
1756,https://students.wlu.ca/programs/music/assets/resources/graduate-conference-and-research-awards.html,programs,    2025-11-04
1757,https://students.wlu.ca/programs/music/assets/resources/registration-check-list.html,programs,    2022-07-05
1758,https://students.wlu.ca/programs/music/assets/resources/faculty-of-music-and-metalworks-partnership-faqs.html,programs,    2023-01-20
1759,https://students.wlu.ca/programs/music/assets/resources/faqs.html,programs,    2021-12-21
1760,https://students.wlu.ca/programs/music/assets/resources/policies/keyboard-facility-requirements.html,programs,    2026-06-12
1761,https://students.wlu.ca/programs/music/assets/resources/policies/academic-policies.html,programs,    2026-01-23
1762,https://students.wlu.ca/programs/music/index.html,programs,    2026-06-30
1763,https://students.wlu.ca/programs/luther/index.html,programs,    2026-06-19
1764,https://students.wlu.ca/support-and-wellness/index.html,support-and-wellness,    2026-07-24
1765,https://students.wlu.ca/support-and-wellness/orientation/graduate.html,support-and-wellness,    2026-07-03
1766,https://students.wlu.ca/support-and-wellness/orientation/undergraduate.html,support-and-wellness,    2026-07-22
1767,https://students.wlu.ca/support-and-wellness/orientation/index.html,support-and-wellness,    2026-07-24
1768,https://students.wlu.ca/support-and-wellness/orientation/assets/schedules/international.html,support-and-wellness,    2026-07-22
1769,https://students.wlu.ca/support-and-wellness/orientation/assets/schedules/locus.html,support-and-wellness,    2026-07-24
1770,https://students.wlu.ca/support-and-wellness/orientation/assets/schedules/indigenous.html,support-and-wellness,    2026-07-03
1771,https://students.wlu.ca/support-and-wellness/orientation/assets/schedules/graduate/fall-virtual.html,support-and-wellness,    2026-06-10
1772,https://students.wlu.ca/support-and-wellness/orientation/assets/schedules/graduate/fall-brantford.html,support-and-wellness,    2026-07-21
1773,https://students.wlu.ca/support-and-wellness/orientation/assets/schedules/graduate/fall-waterloo.html,support-and-wellness,    2026-07-21
1774,https://students.wlu.ca/support-and-wellness/orientation/assets/schedules/graduate/winter.html,support-and-wellness,    2026-06-10
1775,https://students.wlu.ca/support-and-wellness/orientation/assets/schedules/graduate/spring.html,support-and-wellness,    2026-06-10
1776,https://students.wlu.ca/support-and-wellness/orientation/assets/schedules/undergraduate/fall-virtual.html,support-and-wellness,    2026-07-21
1777,https://students.wlu.ca/support-and-wellness/orientation/assets/schedules/undergraduate/fall-milton.html,support-and-wellness,    2026-07-17
1778,https://students.wlu.ca/support-and-wellness/orientation/assets/schedules/undergraduate/fall-brantford.html,support-and-wellness,    2026-07-21
1779,https://students.wlu.ca/support-and-wellness/orientation/assets/schedules/undergraduate/fall-waterloo.html,support-and-wellness,    2026-07-23
1780,https://students.wlu.ca/support-and-wellness/student-affairs/student-experience/assets/resources/join-us-for-the-brantford-student-leader-celebration.html,support-and-wellness,    2026-01-29
1781,https://students.wlu.ca/support-and-wellness/student-affairs/student-experience/assets/resources/student-experience-is-hiring-for-2026-27.html,support-and-wellness,    2026-02-27
1782,https://students.wlu.ca/support-and-wellness/student-affairs/student-experience/assets/resources/hawk-hangouts.html,support-and-wellness,    2026-01-06
1783,https://students.wlu.ca/support-and-wellness/student-affairs/index.html,support-and-wellness,    2026-07-24
1784,https://students.wlu.ca/support-and-wellness/student-affairs/governance/index.html,support-and-wellness,    2024-07-25
1785,https://students.wlu.ca/support-and-wellness/student-affairs/governance/restricted/bog-meetings.html,support-and-wellness,    2024-07-25
1786,https://students.wlu.ca/support-and-wellness/student-affairs/governance/restricted/senate-meetings.html,support-and-wellness,    2024-07-25
1787,https://students.wlu.ca/support-and-wellness/student-affairs/childcare-services/index.html,support-and-wellness,    2026-07-06
1788,https://students.wlu.ca/support-and-wellness/student-affairs/athletics-and-recreation.html,support-and-wellness,    2026-05-01
1789,https://students.wlu.ca/support-and-wellness/student-affairs/dean-of-students/locations-and-contacts.html,support-and-wellness,    2026-07-24
1790,https://students.wlu.ca/support-and-wellness/student-affairs/dean-of-students/find-your-support-resource/index.html,support-and-wellness,    2025-10-06
1791,https://students.wlu.ca/support-and-wellness/student-affairs/dean-of-students/student-conduct.html,support-and-wellness,    2026-07-02
1792,https://students.wlu.ca/support-and-wellness/student-affairs/dean-of-students/support-for-students.html,support-and-wellness,    2026-07-28
1793,https://students.wlu.ca/support-and-wellness/student-affairs/dean-of-students/index.html,support-and-wellness,    2025-09-10
1794,https://students.wlu.ca/support-and-wellness/student-affairs/dean-of-students/assets/resources/accessing-support-as-a-black-and-racialized-student.html,support-and-wellness,    2026-07-29
1795,https://students.wlu.ca/support-and-wellness/student-affairs/dean-of-students/assets/resources/poster-regulations.html,support-and-wellness,    2026-03-09
1796,https://students.wlu.ca/support-and-wellness/student-affairs/dean-of-students/assets/resources/university-response-to-the-death-of-a-student.html,support-and-wellness,    2025-08-29
1797,https://students.wlu.ca/support-and-wellness/student-affairs/dean-of-students/assets/resources/netiquette-in-remote-learning.html,support-and-wellness,    2025-06-05
1798,https://students.wlu.ca/support-and-wellness/student-affairs/dean-of-students/assets/resources/learners-from-care-academic-success-program.html,support-and-wellness,    2026-07-03
1799,https://students.wlu.ca/support-and-wellness/student-affairs/dean-of-students/assets/resources/four-reasons-youd-connect-with-us.html,support-and-wellness,    2019-04-09
1800,https://students.wlu.ca/support-and-wellness/student-affairs/dean-of-students/assets/resources/managing-unexpected-academic-disruptions.html,support-and-wellness,    2025-07-31
1801,https://students.wlu.ca/support-and-wellness/student-affairs/dean-of-students/assets/resources/non-academic-code-of-conduct.html,support-and-wellness,    2020-06-13
1802,https://students.wlu.ca/support-and-wellness/student-affairs/dean-of-students/assets/resources/testimonials-learners-from-care.html,support-and-wellness,    2025-07-08
1803,https://students.wlu.ca/support-and-wellness/student-affairs/dean-of-students/assets/resources/navigating-unexpected-financial-emergencies.html,support-and-wellness,    2026-06-29
1804,https://students.wlu.ca/support-and-wellness/human-rights-and-conflict-management/technology-facilitated-harassment.html,support-and-wellness,    2023-11-14
1805,https://students.wlu.ca/support-and-wellness/human-rights-and-conflict-management/ombuds-services.html,support-and-wellness,    2025-09-22
1806,https://students.wlu.ca/support-and-wellness/human-rights-and-conflict-management/conflict-management-process.html,support-and-wellness,    2023-11-14
1807,https://students.wlu.ca/support-and-wellness/human-rights-and-conflict-management/human-rights-support.html,support-and-wellness,    2024-06-06
1808,https://students.wlu.ca/support-and-wellness/human-rights-and-conflict-management/index.html,support-and-wellness,    2026-07-24
1809,https://students.wlu.ca/support-and-wellness/human-rights-and-conflict-management/assets/resources/how-to-protect-yourself-from-online-harassment.html,support-and-wellness,    2021-09-14
1810,https://students.wlu.ca/support-and-wellness/human-rights-and-conflict-management/assets/resources/what-to-do-if-youre-being-harassed-online.html,support-and-wellness,    2021-12-20
1811,https://students.wlu.ca/support-and-wellness/student-wellness-centre/mental-health-resources/index.html,support-and-wellness,    2026-06-02
1812,https://students.wlu.ca/support-and-wellness/student-wellness-centre/urgent-care.html,support-and-wellness,    2026-02-06
1813,https://students.wlu.ca/support-and-wellness/student-wellness-centre/privacy-and-confidentiality.html,support-and-wellness,    2026-01-29
1814,https://students.wlu.ca/support-and-wellness/student-wellness-centre/insurance-and-health-plans/index.html,support-and-wellness,    2026-01-29
1815,https://students.wlu.ca/support-and-wellness/student-wellness-centre/insurance-and-health-plans/uhip.html,support-and-wellness,    2026-03-11
1816,https://students.wlu.ca/support-and-wellness/student-wellness-centre/services/index.html,support-and-wellness,    2026-07-28
1817,https://students.wlu.ca/support-and-wellness/student-wellness-centre/index.html,support-and-wellness,    2026-07-24
1818,https://students.wlu.ca/support-and-wellness/student-wellness-centre/assets/resources/menstrual-equity-program.html,support-and-wellness,    2026-05-14
1819,https://students.wlu.ca/support-and-wellness/student-wellness-centre/assets/resources/monkeypox.html,support-and-wellness,    2024-09-03
1820,https://students.wlu.ca/support-and-wellness/student-wellness-centre/assets/resources/eating-well-cookbook.html,support-and-wellness,    2023-12-08
1821,https://students.wlu.ca/support-and-wellness/student-wellness-centre/assets/resources/lgbtq-care-wellness-centre.html,support-and-wellness,    2023-06-01
1822,https://students.wlu.ca/support-and-wellness/student-wellness-centre/assets/resources/steps-to-well-being.html,support-and-wellness,    2026-05-05
1823,https://students.wlu.ca/support-and-wellness/student-wellness-centre/assets/resources/tips-for-preventing-the-spread-of-viruses.html,support-and-wellness,    2025-02-12
1824,https://students.wlu.ca/support-and-wellness/student-wellness-centre/assets/resources/hand-washing.html,support-and-wellness,    2023-08-31
1825,https://students.wlu.ca/support-and-wellness/student-wellness-centre/assets/resources/cannabis.html,support-and-wellness,    2022-06-06
1826,https://students.wlu.ca/support-and-wellness/student-wellness-centre/assets/resources/student-wellness-review/index.html,support-and-wellness,    2022-02-11
1827,https://students.wlu.ca/support-and-wellness/gendered-violence-prevention-and-support/programming/index.html,support-and-wellness,    2026-05-25
1828,https://students.wlu.ca/support-and-wellness/gendered-violence-prevention-and-support/programming/sexual-violence-response-certificate.html,support-and-wellness,    2026-05-25
1829,https://students.wlu.ca/support-and-wellness/gendered-violence-prevention-and-support/learn/bystander-guide.html,support-and-wellness,    2024-08-29
1830,https://students.wlu.ca/support-and-wellness/gendered-violence-prevention-and-support/learn/consent.html,support-and-wellness,    2024-12-10
1831,https://students.wlu.ca/support-and-wellness/gendered-violence-prevention-and-support/learn/index.html,support-and-wellness,    2025-11-11
1832,https://students.wlu.ca/support-and-wellness/gendered-violence-prevention-and-support/give-support.html,support-and-wellness,    2025-03-03
1833,https://students.wlu.ca/support-and-wellness/gendered-violence-prevention-and-support/index.html,support-and-wellness,    2026-07-24
1834,https://students.wlu.ca/support-and-wellness/gendered-violence-prevention-and-support/assets/resources/annual-report.html,support-and-wellness,    2025-11-04
1835,https://students.wlu.ca/support-and-wellness/gendered-violence-prevention-and-support/assets/resources/golden-hearts-campaign.html,support-and-wellness,    2026-07-07
1836,https://students.wlu.ca/support-and-wellness/gendered-violence-prevention-and-support/assets/resources/sexual-abcs.html,support-and-wellness,    2024-08-29
1837,https://students.wlu.ca/support-and-wellness/gendered-violence-prevention-and-support/assets/resources/safer-partying-and-play-consent-and-substance-use.html,support-and-wellness,    2024-08-29
1838,https://students.wlu.ca/support-and-wellness/gendered-violence-prevention-and-support/assets/resources/gendered-and-sexual-violence-annual-report.html,support-and-wellness,    2023-11-20
1839,https://students.wlu.ca/support-and-wellness/gendered-violence-prevention-and-support/assets/resources/book-a-workshop-or-speaker.html,support-and-wellness,    2025-11-10
1840,https://students.wlu.ca/support-and-wellness/gendered-violence-prevention-and-support/assets/resources/getting-involved.html,support-and-wellness,    2021-02-25
1841,https://students.wlu.ca/support-and-wellness/gendered-violence-prevention-and-support/assets/resources/programming/queering-our-learnings.html,support-and-wellness,    2023-05-31
1842,https://students.wlu.ca/support-and-wellness/gendered-violence-prevention-and-support/assets/resources/programming/connected-healing.html,support-and-wellness,    2025-03-25
1843,https://students.wlu.ca/support-and-wellness/gendered-violence-prevention-and-support/assets/resources/programming/speaker-series.html,support-and-wellness,    2025-04-09
1844,https://students.wlu.ca/support-and-wellness/gendered-violence-prevention-and-support/assets/resources/programming/healing-in-solidarity.html,support-and-wellness,    2025-11-04
1845,https://students.wlu.ca/support-and-wellness/gendered-violence-prevention-and-support/get-support/policy.html,support-and-wellness,    2026-06-02
1846,https://students.wlu.ca/support-and-wellness/gendered-violence-prevention-and-support/get-support/index.html,support-and-wellness,    2026-06-02
1847,https://students.wlu.ca/support-and-wellness/international-student-support/staff-listing.html,support-and-wellness,    2026-06-12
1848,https://students.wlu.ca/support-and-wellness/international-student-support/international-student-leaders.html,support-and-wellness,    2026-05-07
1849,https://students.wlu.ca/support-and-wellness/international-student-support/working-in-canada.html,support-and-wellness,    2025-09-05
1850,https://students.wlu.ca/support-and-wellness/international-student-support/assets/resources/how-to-apply-for-a-temporary-residence-visa-trv-from-within-canada.html,support-and-wellness,    2025-04-03
1851,"https://students.wlu.ca/support-and-wellness/international-student-support/assets/resources/important-reminders-from-immigration,-refugee-and-citizenship-canada-ircc.html",support-and-wellness,    2024-05-29
1852,https://students.wlu.ca/support-and-wellness/international-student-support/assets/resources/destination-ontario-airport-welcome-program.html,support-and-wellness,    2019-12-03
1853,https://students.wlu.ca/support-and-wellness/international-student-support/assets/resources/temporary-accommodations.html,support-and-wellness,    2025-04-03
1854,https://students.wlu.ca/support-and-wellness/international-student-support/assets/resources/plan-your-travels.html,support-and-wellness,    2021-08-16
1855,https://students.wlu.ca/support-and-wellness/international-student-support/assets/resources/paying-tuition-and-managing-your-expenses.html,support-and-wellness,    2025-04-03
1856,https://students.wlu.ca/support-and-wellness/international-student-support/events-and-workshops/index.html,support-and-wellness,    2026-01-20
1857,https://students.wlu.ca/support-and-wellness/international-student-support/index.html,support-and-wellness,    2026-07-24
1858,https://students.wlu.ca/support-and-wellness/international-student-support/immigration/permanent-residency.html,support-and-wellness,    2025-10-28
1859,https://students.wlu.ca/support-and-wellness/international-student-support/immigration/authorized-leave-of-absence.html,support-and-wellness,    2026-03-20
1860,https://students.wlu.ca/support-and-wellness/international-student-support/immigration/index.html,support-and-wellness,    2026-06-12
1861,https://students.wlu.ca/support-and-wellness/international-student-support/immigration/immigration-webinars.html,support-and-wellness,    2026-05-06
1862,https://students.wlu.ca/support-and-wellness/international-student-support/immigration/study-permits.html,support-and-wellness,    2026-07-08
1863,https://students.wlu.ca/support-and-wellness/international-student-support/planning-your-move.html,support-and-wellness,    2026-06-16
1864,https://students.wlu.ca/support-and-wellness/indigenous-student-services/staff.html,support-and-wellness,    2026-05-22
1865,https://students.wlu.ca/support-and-wellness/indigenous-student-services/financial-support/index.html,support-and-wellness,    2025-12-17
1866,https://students.wlu.ca/support-and-wellness/indigenous-student-services/financial-support/band-funding.html,support-and-wellness,    2026-04-24
1867,https://students.wlu.ca/support-and-wellness/indigenous-student-services/indigenous-identity.html,support-and-wellness,    2025-05-30
1868,https://students.wlu.ca/support-and-wellness/indigenous-student-services/services/index.html,support-and-wellness,    2026-03-03
1869,https://students.wlu.ca/support-and-wellness/indigenous-student-services/index.html,support-and-wellness,    2026-07-24
1870,https://students.wlu.ca/support-and-wellness/indigenous-student-services/assets/resources/indigenous-student-association.html,support-and-wellness,    2023-12-20
1871,https://students.wlu.ca/support-and-wellness/indigenous-student-services/assets/resources/incoming-student-support.html,support-and-wellness,    2026-07-24
1872,https://students.wlu.ca/support-and-wellness/indigenous-student-services/assets/resources/career-resources.html,support-and-wellness,    2023-09-20
1873,https://students.wlu.ca/support-and-wellness/diversity-and-equity/assets/resources/5ds-direct-delegate-delay-distract-and-document.html,support-and-wellness,    2021-12-22
1874,https://students.wlu.ca/support-and-wellness/diversity-and-equity/index.html,support-and-wellness,    2026-07-24
1875,https://students.wlu.ca/support-and-wellness/diversity-and-equity/education-and-events/index.html,support-and-wellness,    2025-09-22
1876,https://students.wlu.ca/support-and-wellness/diversity-and-equity/student-self-identification-form.html,support-and-wellness,    2025-09-09
1877,https://students.wlu.ca/support-and-wellness/diversity-and-equity/disability-justice-and-accessibility/index.html,support-and-wellness,    2026-07-21
1878,https://students.wlu.ca/support-and-wellness/diversity-and-equity/faith-and-spirituality/index.html,support-and-wellness,    2026-01-13
1879,https://students.wlu.ca/support-and-wellness/diversity-and-equity/race-ethnicity-and-culture/index.html,support-and-wellness,    2026-02-13
1880,https://students.wlu.ca/support-and-wellness/diversity-and-equity/gender-and-sexuality/index.html,support-and-wellness,    2026-04-23
1881,https://students.wlu.ca/support-and-wellness/diversity-and-equity/gender-and-sexuality/assets/resources/how-to-create-inclusive-environments.html,support-and-wellness,    2022-09-20
1882,https://students.wlu.ca/support-and-wellness/diversity-and-equity/gender-and-sexuality/assets/resources/gender-inclusive-terminology.html,support-and-wellness,    2022-09-20
1883,https://students.wlu.ca/support-and-wellness/diversity-and-equity/gender-and-sexuality/assets/resources/inclusive-washroom-inititiative.html,support-and-wellness,    2024-09-18
1884,https://students.wlu.ca/finances/index.html,finances,    2025-08-21
1885,https://students.wlu.ca/finances/tuition-and-fees/taxes.html,finances,    2026-03-04
1886,https://students.wlu.ca/finances/tuition-and-fees/fee-appeals-and-policies/index.html,finances,    2022-10-14
1887,https://students.wlu.ca/finances/tuition-and-fees/fee-appeals-and-policies/outcome-and-decision.html,finances,    2025-11-21
1888,https://students.wlu.ca/finances/tuition-and-fees/fee-appeals-and-policies/submitting-a-fee-appeal.html,finances,    2026-04-23
1889,https://students.wlu.ca/finances/tuition-and-fees/fee-appeals-and-policies/eligibility.html,finances,    2026-04-23
1890,https://students.wlu.ca/finances/tuition-and-fees/refunds/credit-review.html,finances,    2026-06-18
1891,https://students.wlu.ca/finances/tuition-and-fees/refunds/index.html,finances,    2026-07-28
1892,https://students.wlu.ca/finances/tuition-and-fees/payments/payment-plan.html,finances,    2026-04-15
1893,https://students.wlu.ca/finances/tuition-and-fees/payments/sponsorships.html,finances,    2026-04-20
1894,https://students.wlu.ca/finances/tuition-and-fees/payments/index.html,finances,    2026-06-26
1895,https://students.wlu.ca/finances/tuition-and-fees/invoicing-and-accounts/collections.html,finances,    2026-04-02
1896,https://students.wlu.ca/finances/tuition-and-fees/invoicing-and-accounts/holds.html,finances,    2026-05-06
1897,https://students.wlu.ca/finances/tuition-and-fees/invoicing-and-accounts/proxy-access.html,finances,    2025-12-23
1898,https://students.wlu.ca/finances/tuition-and-fees/invoicing-and-accounts/third-party-invoicing.html,finances,    2023-09-21
1899,https://students.wlu.ca/finances/tuition-and-fees/invoicing-and-accounts/index.html,finances,    2022-09-02
1900,https://students.wlu.ca/finances/tuition-and-fees/fees-breakdown/miscellaneous-fees.html,finances,    2026-01-20
1901,https://students.wlu.ca/finances/tuition-and-fees/fees-breakdown/late-registration-fees.html,finances,    2026-07-22
1902,https://students.wlu.ca/finances/tuition-and-fees/fees-breakdown/incidental-fees.html,finances,    2026-07-24
1903,https://students.wlu.ca/finances/tuition-and-fees/fees-breakdown/tuition-fees.html,finances,    2026-07-24
1904,https://students.wlu.ca/finances/tuition-and-fees/fees-breakdown/index.html,finances,    2025-12-23
1905,https://students.wlu.ca/finances/tuition-and-fees/index.html,finances,    2025-12-23
1906,https://students.wlu.ca/finances/tuition-and-fees/assets/resources/financial-support-for-students.html,finances,    2022-10-18
1907,https://students.wlu.ca/finances/scholarships-and-bursaries/receive-your-funds.html,finances,    2026-01-07
1908,https://students.wlu.ca/finances/scholarships-and-bursaries/applications.html,finances,    2026-07-27
1909,https://students.wlu.ca/finances/scholarships-and-bursaries/funding-opportunities/index.html,finances,    2026-07-03
1910,https://students.wlu.ca/finances/scholarships-and-bursaries/funding-opportunities/student-life-levy/index.html,finances,    2024-11-22
1911,https://students.wlu.ca/finances/scholarships-and-bursaries/funding-opportunities/student-life-levy/assets/resources/projects.html,finances,    2024-11-22
1912,https://students.wlu.ca/finances/scholarships-and-bursaries/funding-opportunities/student-life-levy/assets/resources/application.html,finances,    2026-05-11
1913,https://students.wlu.ca/finances/scholarships-and-bursaries/index.html,finances,    2026-06-26
1914,https://students.wlu.ca/finances/scholarships-and-bursaries/assets/external-awards.html,finances,    2023-03-08
1915,https://students.wlu.ca/finances/scholarships-and-bursaries/assets/spifs/what-is-the-first-year-profile.html,finances,    2024-06-24
1916,https://students.wlu.ca/finances/scholarships-and-bursaries/assets/resources/ontario-ukraine-solidarity-scholarship.html,finances,    2025-10-08
1917,https://students.wlu.ca/finances/scholarships-and-bursaries/assets/resources/cibc-stem-entrance-award-disability-verification-process.html,finances,    2026-02-02
1918,https://students.wlu.ca/finances/scholarships-and-bursaries/assets/resources/student-awards-what-is-a-budget-section.html,finances,    2024-08-07
1919,https://students.wlu.ca/finances/scholarships-and-bursaries/assets/resources/rhodes-scholarship.html,finances,    2026-04-28
1920,https://students.wlu.ca/finances/scholarships-and-bursaries/assets/resources/the-mccall-macbain-scholarships.html,finances,    2025-03-12
1921,https://students.wlu.ca/finances/scholarships-and-bursaries/bursaries/general-laurier-tuition-bursary-program.html,finances,    2026-05-21
1922,https://students.wlu.ca/finances/scholarships-and-bursaries/bursaries/index.html,finances,    2026-01-29
1923,https://students.wlu.ca/finances/scholarships-and-bursaries/scholarships-and-awards/milton-founders.html,finances,    2025-12-17
1924,https://students.wlu.ca/finances/scholarships-and-bursaries/scholarships-and-awards/stay-golden.html,finances,    2026-01-07
1925,https://students.wlu.ca/finances/scholarships-and-bursaries/scholarships-and-awards/laurier-scholars-award.html,finances,    2026-02-06
1926,https://students.wlu.ca/finances/scholarships-and-bursaries/scholarships-and-awards/index.html,finances,    2026-01-09
1927,https://students.wlu.ca/finances/money-management/resources.html,finances,    2026-07-02
1928,https://students.wlu.ca/finances/money-management/certificate.html,finances,    2026-07-02
1929,https://students.wlu.ca/finances/money-management/workshops-and-presentations.html,finances,    2025-12-12
1930,https://students.wlu.ca/finances/money-management/index.html,finances,    2026-05-05
1931,https://students.wlu.ca/finances/money-management/assets/resources/student-financial-literacy-month.html,finances,    2025-10-31
1932,https://students.wlu.ca/finances/money-management/assets/resources/money-management-for-students-podcast.html,finances,    2025-03-07
1933,https://students.wlu.ca/finances/money-management/assets/resources/common-forms-of-credit.html,finances,    2024-10-25
1934,https://students.wlu.ca/finances/money-management/assets/resources/interest-and-debt-repayment.html,finances,    2024-10-25
1935,https://students.wlu.ca/finances/money-management/assets/resources/tax-information-sessions.html,finances,    2026-03-24
1936,https://students.wlu.ca/finances/graduate-funding-and-awards/faculty-and-staff.html,finances,    2026-07-29
1937,https://students.wlu.ca/finances/graduate-funding-and-awards/external-funding.html,finances,    2026-07-29
1938,https://students.wlu.ca/finances/graduate-funding-and-awards/internal-scholarships.html,finances,    2026-07-29
1939,https://students.wlu.ca/finances/graduate-funding-and-awards/employment-based.html,finances,    2024-10-31
1940,https://students.wlu.ca/finances/graduate-funding-and-awards/index.html,finances,    2026-07-02
1941,https://students.wlu.ca/finances/financial-aid/us-student-funding.html,finances,    2026-06-19
1942,https://students.wlu.ca/finances/financial-aid/provincial-and-territorial-funding.html,finances,    2026-06-19
1943,https://students.wlu.ca/finances/financial-aid/osap/repaying-your-osap-loans.html,finances,    2024-02-20
1944,https://students.wlu.ca/finances/financial-aid/osap/paying-laurier-fees.html,finances,    2026-05-04
1945,https://students.wlu.ca/finances/financial-aid/osap/apply-for-funding.html,finances,    2026-02-23
1946,https://students.wlu.ca/finances/financial-aid/osap/eligibility-and-course-load.html,finances,    2026-07-13
1947,https://students.wlu.ca/finances/financial-aid/osap/index.html,finances,    2026-07-13
1948,https://students.wlu.ca/finances/financial-aid/index.html,finances,    2026-07-13
1949,https://students.wlu.ca/finances/financial-aid/assets/forms/financial-aid-webform.html,finances,    2026-04-20
1950,https://students.wlu.ca/finances/financial-aid/assets/resources/winter-term-extension.html,finances,    2026-03-27
1951,https://students.wlu.ca/finances/financial-aid/assets/resources/affidavits-for-financial-aid.html,finances,    2025-07-17
1952,https://students.wlu.ca/finances/financial-aid/assets/resources/student-concerns.html,finances,    2023-11-10
1953,https://students.wlu.ca/finances/financial-aid/assets/resources/report-income-and-awards.html,finances,    2026-06-16
1954,https://students.wlu.ca/finances/financial-aid/assets/resources/osap-review-process.html,finances,    2024-02-20
1955,https://students.wlu.ca/finances/financial-aid/assets/resources/co-op-students.html,finances,    2026-03-27
1956,https://students.wlu.ca/finances/financial-aid/assets/resources/micro-credential.html,finances,    2024-03-27
1957,https://students.wlu.ca/finances/financial-aid/assets/resources/spring-term.html,finances,    2026-04-10
1958,https://students.wlu.ca/finances/financial-aid/assets/resources/osap-online-application-tips-and-recommendations.html,finances,    2026-06-11
1959,https://students.wlu.ca/finances/financial-aid/assets/resources/academic-programs-eligible-for-government-student-financial-aid.html,finances,    2025-03-13
